nm_mun,2010,2020,2021,2022,2023,2024
Água Branca (AL),497,766,801,853,886,931
Anadia (AL),497,766,801,853,886,931
Arapiraca (AL),497,766,801,853,886,931
Atalaia (AL),497,766,801,853,886,931
Barra de Santo Antônio (AL),497,766,801,853,886,931
Barra de São Miguel (AL),497,766,801,853,886,931
Batalha (AL),497,766,801,853,886,931
Belém (AL),497,766,801,853,886,931
Belo Monte (AL),497,766,801,853,886,931
Boca da Mata (AL),497,766,801,853,886,931
Branquinha (AL),497,766,801,853,886,931
Cacimbinhas (AL),497,766,801,853,886,931
Cajueiro (AL),497,766,801,853,886,931
Campestre (AL),497,766,801,853,886,931
Campo Alegre (AL),497,766,801,853,886,931
Campo Grande (AL),497,766,801,853,886,931
Canapi (AL),497,766,801,853,886,931
Capela (AL),497,766,801,853,886,931
Carneiros (AL),497,766,801,853,886,931
Chã Preta (AL),497,766,801,853,886,931
Coité do Nóia (AL),497,766,801,853,886,931
Colônia Leopoldina (AL),497,766,801,853,886,931
Coqueiro Seco (AL),497,766,801,853,886,931
Coruripe (AL),497,766,801,853,886,931
Craíbas (AL),497,766,801,853,886,931
Delmiro Gouveia (AL),497,766,801,853,886,931
Dois Riachos (AL),497,766,801,853,886,931
Estrela de Alagoas (AL),497,766,801,853,886,931
Feira Grande (AL),497,766,801,853,886,931
Feliz Deserto (AL),497,766,801,853,886,931
Flexeiras (AL),497,766,801,853,886,931
Girau do Ponciano (AL),497,766,801,853,886,931
Ibateguara (AL),497,766,801,853,886,931
Igaci (AL),497,766,801,853,886,931
Igreja Nova (AL),497,766,801,853,886,931
Inhapi (AL),497,766,801,853,886,931
Jacaré dos Homens (AL),497,766,801,853,886,931
Jacuípe (AL),497,766,801,853,886,931
Japaratinga (AL),497,766,801,853,886,931
Jaramataia (AL),497,766,801,853,886,931
Jequiá da Praia (AL),497,766,801,853,886,931
Joaquim Gomes (AL),497,766,801,853,886,931
Jundiá (AL),497,766,801,853,886,931
Junqueiro (AL),497,766,801,853,886,931
Lagoa da Canoa (AL),497,766,801,853,886,931
Limoeiro de Anadia (AL),497,766,801,853,886,931
Maceió (AL),497,766,801,853,886,931
Major Isidoro (AL),497,766,801,853,886,931
Maragogi (AL),497,766,801,853,886,931
Maravilha (AL),497,766,801,853,886,931
Marechal Deodoro (AL),497,766,801,853,886,931
Maribondo (AL),497,766,801,853,886,931
Mar Vermelho (AL),497,766,801,853,886,931
Mata Grande (AL),497,766,801,853,886,931
Matriz de Camaragibe (AL),497,766,801,853,886,931
Messias (AL),497,766,801,853,886,931
Minador do Negrão (AL),497,766,801,853,886,931
Monteirópolis (AL),497,766,801,853,886,931
Murici (AL),497,766,801,853,886,931
Novo Lino (AL),497,766,801,853,886,931
Olho d'Água das Flores (AL),497,766,801,853,886,931
Olho d'Água do Casado (AL),497,766,801,853,886,931
Olho d'Água Grande (AL),497,766,801,853,886,931
Olivença (AL),497,766,801,853,886,931
Ouro Branco (AL),497,766,801,853,886,931
Palestina (AL),497,766,801,853,886,931
Palmeira dos Índios (AL),497,766,801,853,886,931
Pão de Açúcar (AL),497,766,801,853,886,931
Pariconha (AL),497,766,801,853,886,931
Paripueira (AL),497,766,801,853,886,931
Passo de Camaragibe (AL),497,766,801,853,886,931
Paulo Jacinto (AL),497,766,801,853,886,931
Penedo (AL),497,766,801,853,886,931
Piaçabuçu (AL),497,766,801,853,886,931
Pilar (AL),497,766,801,853,886,931
Pindoba (AL),497,766,801,853,886,931
Piranhas (AL),497,766,801,853,886,931
Poço das Trincheiras (AL),497,766,801,853,886,931
Porto Calvo (AL),497,766,801,853,886,931
Porto de Pedras (AL),497,766,801,853,886,931
Porto Real do Colégio (AL),497,766,801,853,886,931
Quebrangulo (AL),497,766,801,853,886,931
Rio Largo (AL),497,766,801,853,886,931
Roteiro (AL),497,766,801,853,886,931
Santa Luzia do Norte (AL),497,766,801,853,886,931
Santana do Ipanema (AL),497,766,801,853,886,931
Santana do Mundaú (AL),497,766,801,853,886,931
São Brás (AL),497,766,801,853,886,931
São José da Laje (AL),497,766,801,853,886,931
São José da Tapera (AL),497,766,801,853,886,931
São Luís do Quitunde (AL),497,766,801,853,886,931
São Miguel dos Campos (AL),497,766,801,853,886,931
São Miguel dos Milagres (AL),497,766,801,853,886,931
São Sebastião (AL),497,766,801,853,886,931
Satuba (AL),497,766,801,853,886,931
Senador Rui Palmeira (AL),497,766,801,853,886,931
Tanque d'Arca (AL),497,766,801,853,886,931
Taquarana (AL),497,766,801,853,886,931
Teotônio Vilela (AL),497,766,801,853,886,931
Traipu (AL),497,766,801,853,886,931
União dos Palmares (AL),497,766,801,853,886,931
Viçosa (AL),497,766,801,853,886,931
Abaíra (BA),497,766,801,853,886,931
Abaré (BA),497,766,801,853,886,931
Acajutiba (BA),497,766,801,853,886,931
Adustina (BA),497,766,801,853,886,931
Água Fria (BA),497,766,801,853,886,931
Érico Cardoso (BA),497,766,801,853,886,931
Aiquara (BA),497,766,801,853,886,931
Alagoinhas (BA),497,766,801,853,886,931
Alcobaça (BA),497,766,801,853,886,931
Almadina (BA),497,766,801,853,886,931
Amargosa (BA),497,766,801,853,886,931
Amélia Rodrigues (BA),497,766,801,853,886,931
América Dourada (BA),497,766,801,853,886,931
Anagé (BA),497,766,801,853,886,931
Andaraí (BA),497,766,801,853,886,931
Andorinha (BA),497,766,801,853,886,931
Angical (BA),497,766,801,853,886,931
Anguera (BA),497,766,801,853,886,931
Antas (BA),497,766,801,853,886,931
Antônio Cardoso (BA),497,766,801,853,886,931
Antônio Gonçalves (BA),497,766,801,853,886,931
Aporá (BA),497,766,801,853,886,931
Apuarema (BA),497,766,801,853,886,931
Aracatu (BA),497,766,801,853,886,931
Araçás (BA),497,766,801,853,886,931
Araci (BA),497,766,801,853,886,931
Aramari (BA),497,766,801,853,886,931
Arataca (BA),497,766,801,853,886,931
Aratuípe (BA),497,766,801,853,886,931
Aurelino Leal (BA),497,766,801,853,886,931
Baianópolis (BA),497,766,801,853,886,931
Baixa Grande (BA),497,766,801,853,886,931
Banzaê (BA),497,766,801,853,886,931
Barra (BA),497,766,801,853,886,931
Barra da Estiva (BA),497,766,801,853,886,931
Barra do Choça (BA),497,766,801,853,886,931
Barra do Mendes (BA),497,766,801,853,886,931
Barra do Rocha (BA),497,766,801,853,886,931
Barreiras (BA),497,766,801,853,886,931
Barro Alto (BA),497,766,801,853,886,931
Barrocas (BA),497,766,801,853,886,931
Barro Preto (BA),497,766,801,853,886,931
Belmonte (BA),497,766,801,853,886,931
Belo Campo (BA),497,766,801,853,886,931
Biritinga (BA),497,766,801,853,886,931
Boa Nova (BA),497,766,801,853,886,931
Boa Vista do Tupim (BA),497,766,801,853,886,931
Bom Jesus da Lapa (BA),497,766,801,853,886,931
Bom Jesus da Serra (BA),497,766,801,853,886,931
Boninal (BA),497,766,801,853,886,931
Bonito (BA),497,766,801,853,886,931
Boquira (BA),497,766,801,853,886,931
Botuporã (BA),497,766,801,853,886,931
Brejões (BA),497,766,801,853,886,931
Brejolândia (BA),497,766,801,853,886,931
Brotas de Macaúbas (BA),497,766,801,853,886,931
Brumado (BA),497,766,801,853,886,931
Buerarema (BA),497,766,801,853,886,931
Buritirama (BA),497,766,801,853,886,931
Caatiba (BA),497,766,801,853,886,931
Cabaceiras do Paraguaçu (BA),497,766,801,853,886,931
Cachoeira (BA),497,766,801,853,886,931
Caculé (BA),497,766,801,853,886,931
Caém (BA),497,766,801,853,886,931
Caetanos (BA),497,766,801,853,886,931
Caetité (BA),497,766,801,853,886,931
Cafarnaum (BA),497,766,801,853,886,931
Cairu (BA),497,766,801,853,886,931
Caldeirão Grande (BA),497,766,801,853,886,931
Camacan (BA),497,766,801,853,886,931
Camaçari (BA),497,766,801,853,886,931
Camamu (BA),497,766,801,853,886,931
Campo Alegre de Lourdes (BA),497,766,801,853,886,931
Campo Formoso (BA),497,766,801,853,886,931
Canápolis (BA),497,766,801,853,886,931
Canarana (BA),497,766,801,853,886,931
Canavieiras (BA),497,766,801,853,886,931
Candeal (BA),497,766,801,853,886,931
Candeias (BA),497,766,801,853,886,931
Candiba (BA),497,766,801,853,886,931
Cândido Sales (BA),497,766,801,853,886,931
Cansanção (BA),497,766,801,853,886,931
Canudos (BA),497,766,801,853,886,931
Capela do Alto Alegre (BA),497,766,801,853,886,931
Capim Grosso (BA),497,766,801,853,886,931
Caraíbas (BA),497,766,801,853,886,931
Caravelas (BA),497,766,801,853,886,931
Cardeal da Silva (BA),497,766,801,853,886,931
Carinhanha (BA),497,766,801,853,886,931
Casa Nova (BA),497,766,801,853,886,931
Castro Alves (BA),497,766,801,853,886,931
Catolândia (BA),497,766,801,853,886,931
Catu (BA),497,766,801,853,886,931
Caturama (BA),497,766,801,853,886,931
Central (BA),497,766,801,853,886,931
Chorrochó (BA),497,766,801,853,886,931
Cícero Dantas (BA),497,766,801,853,886,931
Cipó (BA),497,766,801,853,886,931
Coaraci (BA),497,766,801,853,886,931
Cocos (BA),497,766,801,853,886,931
Conceição da Feira (BA),497,766,801,853,886,931
Conceição do Almeida (BA),497,766,801,853,886,931
Conceição do Coité (BA),497,766,801,853,886,931
Conceição do Jacuípe (BA),497,766,801,853,886,931
Conde (BA),497,766,801,853,886,931
Condeúba (BA),497,766,801,853,886,931
Contendas do Sincorá (BA),497,766,801,853,886,931
Coração de Maria (BA),497,766,801,853,886,931
Cordeiros (BA),497,766,801,853,886,931
Coribe (BA),497,766,801,853,886,931
Coronel João Sá (BA),497,766,801,853,886,931
Correntina (BA),497,766,801,853,886,931
Cotegipe (BA),497,766,801,853,886,931
Cravolândia (BA),497,766,801,853,886,931
Crisópolis (BA),497,766,801,853,886,931
Cristópolis (BA),497,766,801,853,886,931
Cruz das Almas (BA),497,766,801,853,886,931
Curaçá (BA),497,766,801,853,886,931
Dário Meira (BA),497,766,801,853,886,931
Dias d'Ávila (BA),497,766,801,853,886,931
Dom Basílio (BA),497,766,801,853,886,931
Dom Macedo Costa (BA),497,766,801,853,886,931
Elísio Medrado (BA),497,766,801,853,886,931
Encruzilhada (BA),497,766,801,853,886,931
Entre Rios (BA),497,766,801,853,886,931
Esplanada (BA),497,766,801,853,886,931
Euclides da Cunha (BA),497,766,801,853,886,931
Eunápolis (BA),497,766,801,853,886,931
Fátima (BA),497,766,801,853,886,931
Feira da Mata (BA),497,766,801,853,886,931
Feira de Santana (BA),497,766,801,853,886,931
Filadélfia (BA),497,766,801,853,886,931
Firmino Alves (BA),497,766,801,853,886,931
Floresta Azul (BA),497,766,801,853,886,931
Formosa do Rio Preto (BA),497,766,801,853,886,931
Gandu (BA),497,766,801,853,886,931
Gavião (BA),497,766,801,853,886,931
Gentio do Ouro (BA),497,766,801,853,886,931
Glória (BA),497,766,801,853,886,931
Gongogi (BA),497,766,801,853,886,931
Governador Mangabeira (BA),497,766,801,853,886,931
Guajeru (BA),497,766,801,853,886,931
Guanambi (BA),497,766,801,853,886,931
Guaratinga (BA),497,766,801,853,886,931
Heliópolis (BA),497,766,801,853,886,931
Iaçu (BA),497,766,801,853,886,931
Ibiassucê (BA),497,766,801,853,886,931
Ibicaraí (BA),497,766,801,853,886,931
Ibicoara (BA),497,766,801,853,886,931
Ibicuí (BA),497,766,801,853,886,931
Ibipeba (BA),497,766,801,853,886,931
Ibipitanga (BA),497,766,801,853,886,931
Ibiquera (BA),497,766,801,853,886,931
Ibirapitanga (BA),497,766,801,853,886,931
Ibirapuã (BA),497,766,801,853,886,931
Ibirataia (BA),497,766,801,853,886,931
Ibitiara (BA),497,766,801,853,886,931
Ibititá (BA),497,766,801,853,886,931
Ibotirama (BA),497,766,801,853,886,931
Ichu (BA),497,766,801,853,886,931
Igaporã (BA),497,766,801,853,886,931
Igrapiúna (BA),497,766,801,853,886,931
Iguaí (BA),497,766,801,853,886,931
Ilhéus (BA),497,766,801,853,886,931
Inhambupe (BA),497,766,801,853,886,931
Ipecaetá (BA),497,766,801,853,886,931
Ipiaú (BA),497,766,801,853,886,931
Ipirá (BA),497,766,801,853,886,931
Ipupiara (BA),497,766,801,853,886,931
Irajuba (BA),497,766,801,853,886,931
Iramaia (BA),497,766,801,853,886,931
Iraquara (BA),497,766,801,853,886,931
Irará (BA),497,766,801,853,886,931
Irecê (BA),497,766,801,853,886,931
Itabela (BA),497,766,801,853,886,931
Itaberaba (BA),497,766,801,853,886,931
Itabuna (BA),497,766,801,853,886,931
Itacaré (BA),497,766,801,853,886,931
Itaeté (BA),497,766,801,853,886,931
Itagi (BA),497,766,801,853,886,931
Itagibá (BA),497,766,801,853,886,931
Itagimirim (BA),497,766,801,853,886,931
Itaguaçu da Bahia (BA),497,766,801,853,886,931
Itaju do Colônia (BA),497,766,801,853,886,931
Itajuípe (BA),497,766,801,853,886,931
Itamaraju (BA),497,766,801,853,886,931
Itamari (BA),497,766,801,853,886,931
Itambé (BA),497,766,801,853,886,931
Itanagra (BA),497,766,801,853,886,931
Itanhém (BA),497,766,801,853,886,931
Itaparica (BA),497,766,801,853,886,931
Itapé (BA),497,766,801,853,886,931
Itapebi (BA),497,766,801,853,886,931
Itapetinga (BA),497,766,801,853,886,931
Itapicuru (BA),497,766,801,853,886,931
Itapitanga (BA),497,766,801,853,886,931
Itaquara (BA),497,766,801,853,886,931
Itarantim (BA),497,766,801,853,886,931
Itatim (BA),497,766,801,853,886,931
Itiruçu (BA),497,766,801,853,886,931
Itiúba (BA),497,766,801,853,886,931
Itororó (BA),497,766,801,853,886,931
Ituaçu (BA),497,766,801,853,886,931
Ituberá (BA),497,766,801,853,886,931
Iuiu (BA),497,766,801,853,886,931
Jaborandi (BA),497,766,801,853,886,931
Jacaraci (BA),497,766,801,853,886,931
Jacobina (BA),497,766,801,853,886,931
Jaguaquara (BA),497,766,801,853,886,931
Jaguarari (BA),497,766,801,853,886,931
Jaguaripe (BA),497,766,801,853,886,931
Jandaíra (BA),497,766,801,853,886,931
Jequié (BA),497,766,801,853,886,931
Jeremoabo (BA),497,766,801,853,886,931
Jiquiriçá (BA),497,766,801,853,886,931
Jitaúna (BA),497,766,801,853,886,931
João Dourado (BA),497,766,801,853,886,931
Juazeiro (BA),497,766,801,853,886,931
Jucuruçu (BA),497,766,801,853,886,931
Jussara (BA),497,766,801,853,886,931
Jussari (BA),497,766,801,853,886,931
Jussiape (BA),497,766,801,853,886,931
Lafaiete Coutinho (BA),497,766,801,853,886,931
Lagoa Real (BA),497,766,801,853,886,931
Laje (BA),497,766,801,853,886,931
Lajedão (BA),497,766,801,853,886,931
Lajedinho (BA),497,766,801,853,886,931
Lajedo do Tabocal (BA),497,766,801,853,886,931
Lamarão (BA),497,766,801,853,886,931
Lapão (BA),497,766,801,853,886,931
Lauro de Freitas (BA),497,766,801,853,886,931
Lençóis (BA),497,766,801,853,886,931
Licínio de Almeida (BA),497,766,801,853,886,931
Livramento de Nossa Senhora (BA),497,766,801,853,886,931
Luís Eduardo Magalhães (BA),497,766,801,853,886,931
Macajuba (BA),497,766,801,853,886,931
Macarani (BA),497,766,801,853,886,931
Macaúbas (BA),497,766,801,853,886,931
Macururé (BA),497,766,801,853,886,931
Madre de Deus (BA),497,766,801,853,886,931
Maetinga (BA),497,766,801,853,886,931
Maiquinique (BA),497,766,801,853,886,931
Mairi (BA),497,766,801,853,886,931
Malhada (BA),497,766,801,853,886,931
Malhada de Pedras (BA),497,766,801,853,886,931
Manoel Vitorino (BA),497,766,801,853,886,931
Mansidão (BA),497,766,801,853,886,931
Maracás (BA),497,766,801,853,886,931
Maragogipe (BA),497,766,801,853,886,931
Maraú (BA),497,766,801,853,886,931
Marcionílio Souza (BA),497,766,801,853,886,931
Mascote (BA),497,766,801,853,886,931
Mata de São João (BA),497,766,801,853,886,931
Matina (BA),497,766,801,853,886,931
Medeiros Neto (BA),497,766,801,853,886,931
Miguel Calmon (BA),497,766,801,853,886,931
Milagres (BA),497,766,801,853,886,931
Mirangaba (BA),497,766,801,853,886,931
Mirante (BA),497,766,801,853,886,931
Monte Santo (BA),497,766,801,853,886,931
Morpará (BA),497,766,801,853,886,931
Morro do Chapéu (BA),497,766,801,853,886,931
Mortugaba (BA),497,766,801,853,886,931
Mucugê (BA),497,766,801,853,886,931
Mucuri (BA),497,766,801,853,886,931
Mulungu do Morro (BA),497,766,801,853,886,931
Mundo Novo (BA),497,766,801,853,886,931
Muniz Ferreira (BA),497,766,801,853,886,931
Muquém do São Francisco (BA),497,766,801,853,886,931
Muritiba (BA),497,766,801,853,886,931
Mutuípe (BA),497,766,801,853,886,931
Nazaré (BA),497,766,801,853,886,931
Nilo Peçanha (BA),497,766,801,853,886,931
Nordestina (BA),497,766,801,853,886,931
Nova Canaã (BA),497,766,801,853,886,931
Nova Fátima (BA),497,766,801,853,886,931
Nova Ibiá (BA),497,766,801,853,886,931
Nova Itarana (BA),497,766,801,853,886,931
Nova Redenção (BA),497,766,801,853,886,931
Nova Soure (BA),497,766,801,853,886,931
Nova Viçosa (BA),497,766,801,853,886,931
Novo Horizonte (BA),497,766,801,853,886,931
Novo Triunfo (BA),497,766,801,853,886,931
Olindina (BA),497,766,801,853,886,931
Oliveira dos Brejinhos (BA),497,766,801,853,886,931
Ouriçangas (BA),497,766,801,853,886,931
Ourolândia (BA),497,766,801,853,886,931
Palmas de Monte Alto (BA),497,766,801,853,886,931
Palmeiras (BA),497,766,801,853,886,931
Paramirim (BA),497,766,801,853,886,931
Paratinga (BA),497,766,801,853,886,931
Paripiranga (BA),497,766,801,853,886,931
Pau Brasil (BA),497,766,801,853,886,931
Paulo Afonso (BA),497,766,801,853,886,931
Pé de Serra (BA),497,766,801,853,886,931
Pedrão (BA),497,766,801,853,886,931
Pedro Alexandre (BA),497,766,801,853,886,931
Piatã (BA),497,766,801,853,886,931
Pilão Arcado (BA),497,766,801,853,886,931
Pindaí (BA),497,766,801,853,886,931
Pindobaçu (BA),497,766,801,853,886,931
Pintadas (BA),497,766,801,853,886,931
Piraí do Norte (BA),497,766,801,853,886,931
Piripá (BA),497,766,801,853,886,931
Piritiba (BA),497,766,801,853,886,931
Planaltino (BA),497,766,801,853,886,931
Planalto (BA),497,766,801,853,886,931
Poções (BA),497,766,801,853,886,931
Pojuca (BA),497,766,801,853,886,931
Ponto Novo (BA),497,766,801,853,886,931
Porto Seguro (BA),497,766,801,853,886,931
Potiraguá (BA),497,766,801,853,886,931
Prado (BA),497,766,801,853,886,931
Presidente Dutra (BA),497,766,801,853,886,931
Presidente Jânio Quadros (BA),497,766,801,853,886,931
Presidente Tancredo Neves (BA),497,766,801,853,886,931
Queimadas (BA),497,766,801,853,886,931
Quijingue (BA),497,766,801,853,886,931
Quixabeira (BA),497,766,801,853,886,931
Rafael Jambeiro (BA),497,766,801,853,886,931
Remanso (BA),497,766,801,853,886,931
Retirolândia (BA),497,766,801,853,886,931
Riachão das Neves (BA),497,766,801,853,886,931
Riachão do Jacuípe (BA),497,766,801,853,886,931
Riacho de Santana (BA),497,766,801,853,886,931
Ribeira do Amparo (BA),497,766,801,853,886,931
Ribeira do Pombal (BA),497,766,801,853,886,931
Ribeirão do Largo (BA),497,766,801,853,886,931
Rio de Contas (BA),497,766,801,853,886,931
Rio do Antônio (BA),497,766,801,853,886,931
Rio do Pires (BA),497,766,801,853,886,931
Rio Real (BA),497,766,801,853,886,931
Rodelas (BA),497,766,801,853,886,931
Ruy Barbosa (BA),497,766,801,853,886,931
Salinas da Margarida (BA),497,766,801,853,886,931
Salvador (BA),497,766,801,853,886,931
Santa Bárbara (BA),497,766,801,853,886,931
Santa Brígida (BA),497,766,801,853,886,931
Santa Cruz Cabrália (BA),497,766,801,853,886,931
Santa Cruz da Vitória (BA),497,766,801,853,886,931
Santa Inês (BA),497,766,801,853,886,931
Santaluz (BA),497,766,801,853,886,931
Santa Luzia (BA),497,766,801,853,886,931
Santa Maria da Vitória (BA),497,766,801,853,886,931
Santana (BA),497,766,801,853,886,931
Santanópolis (BA),497,766,801,853,886,931
Santa Rita de Cássia (BA),497,766,801,853,886,931
Santa Terezinha (BA),497,766,801,853,886,931
Santo Amaro (BA),497,766,801,853,886,931
Santo Antônio de Jesus (BA),497,766,801,853,886,931
Santo Estêvão (BA),497,766,801,853,886,931
São Desidério (BA),497,766,801,853,886,931
São Domingos (BA),497,766,801,853,886,931
São Félix (BA),497,766,801,853,886,931
São Félix do Coribe (BA),497,766,801,853,886,931
São Felipe (BA),497,766,801,853,886,931
São Francisco do Conde (BA),497,766,801,853,886,931
São Gabriel (BA),497,766,801,853,886,931
São Gonçalo dos Campos (BA),497,766,801,853,886,931
São José da Vitória (BA),497,766,801,853,886,931
São José do Jacuípe (BA),497,766,801,853,886,931
São Miguel das Matas (BA),497,766,801,853,886,931
São Sebastião do Passé (BA),497,766,801,853,886,931
Sapeaçu (BA),497,766,801,853,886,931
Sátiro Dias (BA),497,766,801,853,886,931
Saubara (BA),497,766,801,853,886,931
Saúde (BA),497,766,801,853,886,931
Seabra (BA),497,766,801,853,886,931
Sebastião Laranjeiras (BA),497,766,801,853,886,931
Senhor do Bonfim (BA),497,766,801,853,886,931
Serra do Ramalho (BA),497,766,801,853,886,931
Sento Sé (BA),497,766,801,853,886,931
Serra Dourada (BA),497,766,801,853,886,931
Serra Preta (BA),497,766,801,853,886,931
Serrinha (BA),497,766,801,853,886,931
Serrolândia (BA),497,766,801,853,886,931
Simões Filho (BA),497,766,801,853,886,931
Sítio do Mato (BA),497,766,801,853,886,931
Sítio do Quinto (BA),497,766,801,853,886,931
Sobradinho (BA),497,766,801,853,886,931
Souto Soares (BA),497,766,801,853,886,931
Tabocas do Brejo Velho (BA),497,766,801,853,886,931
Tanhaçu (BA),497,766,801,853,886,931
Tanque Novo (BA),497,766,801,853,886,931
Tanquinho (BA),497,766,801,853,886,931
Taperoá (BA),497,766,801,853,886,931
Tapiramutá (BA),497,766,801,853,886,931
Teixeira de Freitas (BA),497,766,801,853,886,931
Teodoro Sampaio (BA),497,766,801,853,886,931
Teofilândia (BA),497,766,801,853,886,931
Teolândia (BA),497,766,801,853,886,931
Terra Nova (BA),497,766,801,853,886,931
Tremedal (BA),497,766,801,853,886,931
Tucano (BA),497,766,801,853,886,931
Uauá (BA),497,766,801,853,886,931
Ubaíra (BA),497,766,801,853,886,931
Ubaitaba (BA),497,766,801,853,886,931
Ubatã (BA),497,766,801,853,886,931
Uibaí (BA),497,766,801,853,886,931
Umburanas (BA),497,766,801,853,886,931
Una (BA),497,766,801,853,886,931
Urandi (BA),497,766,801,853,886,931
Uruçuca (BA),497,766,801,853,886,931
Utinga (BA),497,766,801,853,886,931
Valença (BA),497,766,801,853,886,931
Valente (BA),497,766,801,853,886,931
Várzea da Roça (BA),497,766,801,853,886,931
Várzea do Poço (BA),497,766,801,853,886,931
Várzea Nova (BA),497,766,801,853,886,931
Varzedo (BA),497,766,801,853,886,931
Vera Cruz (BA),497,766,801,853,886,931
Vereda (BA),497,766,801,853,886,931
Vitória da Conquista (BA),497,766,801,853,886,931
Wagner (BA),497,766,801,853,886,931
Wanderley (BA),497,766,801,853,886,931
Wenceslau Guimarães (BA),497,766,801,853,886,931
Xique-Xique (BA),497,766,801,853,886,931
Abaiara (CE),497,766,801,853,886,931
Acarape (CE),497,766,801,853,886,931
Acaraú (CE),497,766,801,853,886,931
Acopiara (CE),497,766,801,853,886,931
Aiuaba (CE),497,766,801,853,886,931
Alcântaras (CE),497,766,801,853,886,931
Altaneira (CE),497,766,801,853,886,931
Alto Santo (CE),497,766,801,853,886,931
Amontada (CE),497,766,801,853,886,931
Antonina do Norte (CE),497,766,801,853,886,931
Apuiarés (CE),497,766,801,853,886,931
Aquiraz (CE),497,766,801,853,886,931
Aracati (CE),497,766,801,853,886,931
Aracoiaba (CE),497,766,801,853,886,931
Ararendá (CE),497,766,801,853,886,931
Araripe (CE),497,766,801,853,886,931
Aratuba (CE),497,766,801,853,886,931
Arneiroz (CE),497,766,801,853,886,931
Assaré (CE),497,766,801,853,886,931
Aurora (CE),497,766,801,853,886,931
Baixio (CE),497,766,801,853,886,931
Banabuiú (CE),497,766,801,853,886,931
Barbalha (CE),497,766,801,853,886,931
Barreira (CE),497,766,801,853,886,931
Barro (CE),497,766,801,853,886,931
Barroquinha (CE),497,766,801,853,886,931
Baturité (CE),497,766,801,853,886,931
Beberibe (CE),497,766,801,853,886,931
Bela Cruz (CE),497,766,801,853,886,931
Boa Viagem (CE),497,766,801,853,886,931
Brejo Santo (CE),497,766,801,853,886,931
Camocim (CE),497,766,801,853,886,931
Campos Sales (CE),497,766,801,853,886,931
Canindé (CE),497,766,801,853,886,931
Capistrano (CE),497,766,801,853,886,931
Caridade (CE),497,766,801,853,886,931
Cariré (CE),497,766,801,853,886,931
Caririaçu (CE),497,766,801,853,886,931
Cariús (CE),497,766,801,853,886,931
Carnaubal (CE),497,766,801,853,886,931
Cascavel (CE),497,766,801,853,886,931
Catarina (CE),497,766,801,853,886,931
Catunda (CE),497,766,801,853,886,931
Caucaia (CE),497,766,801,853,886,931
Cedro (CE),497,766,801,853,886,931
Chaval (CE),497,766,801,853,886,931
Choró (CE),497,766,801,853,886,931
Chorozinho (CE),497,766,801,853,886,931
Coreaú (CE),497,766,801,853,886,931
Crateús (CE),497,766,801,853,886,931
Crato (CE),497,766,801,853,886,931
Croatá (CE),497,766,801,853,886,931
Cruz (CE),497,766,801,853,886,931
Deputado Irapuan Pinheiro (CE),497,766,801,853,886,931
Ererê (CE),497,766,801,853,886,931
Eusébio (CE),497,766,801,853,886,931
Farias Brito (CE),497,766,801,853,886,931
Forquilha (CE),497,766,801,853,886,931
Fortaleza (CE),497,766,801,853,886,931
Fortim (CE),497,766,801,853,886,931
Frecheirinha (CE),497,766,801,853,886,931
General Sampaio (CE),497,766,801,853,886,931
Graça (CE),497,766,801,853,886,931
Granja (CE),497,766,801,853,886,931
Granjeiro (CE),497,766,801,853,886,931
Groaíras (CE),497,766,801,853,886,931
Guaiúba (CE),497,766,801,853,886,931
Guaraciaba do Norte (CE),497,766,801,853,886,931
Guaramiranga (CE),497,766,801,853,886,931
Hidrolândia (CE),497,766,801,853,886,931
Horizonte (CE),497,766,801,853,886,931
Ibaretama (CE),497,766,801,853,886,931
Ibiapina (CE),497,766,801,853,886,931
Ibicuitinga (CE),497,766,801,853,886,931
Icapuí (CE),497,766,801,853,886,931
Icó (CE),497,766,801,853,886,931
Iguatu (CE),497,766,801,853,886,931
Independência (CE),497,766,801,853,886,931
Ipaporanga (CE),497,766,801,853,886,931
Ipaumirim (CE),497,766,801,853,886,931
Ipu (CE),497,766,801,853,886,931
Ipueiras (CE),497,766,801,853,886,931
Iracema (CE),497,766,801,853,886,931
Irauçuba (CE),497,766,801,853,886,931
Itaiçaba (CE),497,766,801,853,886,931
Itaitinga (CE),497,766,801,853,886,931
Itapajé (CE),497,766,801,853,886,931
Itapipoca (CE),497,766,801,853,886,931
Itapiúna (CE),497,766,801,853,886,931
Itarema (CE),497,766,801,853,886,931
Itatira (CE),497,766,801,853,886,931
Jaguaretama (CE),497,766,801,853,886,931
Jaguaribara (CE),497,766,801,853,886,931
Jaguaribe (CE),497,766,801,853,886,931
Jaguaruana (CE),497,766,801,853,886,931
Jardim (CE),497,766,801,853,886,931
Jati (CE),497,766,801,853,886,931
Jijoca de Jericoacoara (CE),497,766,801,853,886,931
Juazeiro do Norte (CE),497,766,801,853,886,931
Jucás (CE),497,766,801,853,886,931
Lavras da Mangabeira (CE),497,766,801,853,886,931
Limoeiro do Norte (CE),497,766,801,853,886,931
Madalena (CE),497,766,801,853,886,931
Maracanaú (CE),497,766,801,853,886,931
Maranguape (CE),497,766,801,853,886,931
Marco (CE),497,766,801,853,886,931
Martinópole (CE),497,766,801,853,886,931
Massapê (CE),497,766,801,853,886,931
Mauriti (CE),497,766,801,853,886,931
Meruoca (CE),497,766,801,853,886,931
Milagres (CE),497,766,801,853,886,931
Milhã (CE),497,766,801,853,886,931
Miraíma (CE),497,766,801,853,886,931
Missão Velha (CE),497,766,801,853,886,931
Mombaça (CE),497,766,801,853,886,931
Monsenhor Tabosa (CE),497,766,801,853,886,931
Morada Nova (CE),497,766,801,853,886,931
Moraújo (CE),497,766,801,853,886,931
Morrinhos (CE),497,766,801,853,886,931
Mucambo (CE),497,766,801,853,886,931
Mulungu (CE),497,766,801,853,886,931
Nova Olinda (CE),497,766,801,853,886,931
Nova Russas (CE),497,766,801,853,886,931
Novo Oriente (CE),497,766,801,853,886,931
Ocara (CE),497,766,801,853,886,931
Orós (CE),497,766,801,853,886,931
Pacajus (CE),497,766,801,853,886,931
Pacatuba (CE),497,766,801,853,886,931
Pacoti (CE),497,766,801,853,886,931
Pacujá (CE),497,766,801,853,886,931
Palhano (CE),497,766,801,853,886,931
Palmácia (CE),497,766,801,853,886,931
Paracuru (CE),497,766,801,853,886,931
Paraipaba (CE),497,766,801,853,886,931
Parambu (CE),497,766,801,853,886,931
Paramoti (CE),497,766,801,853,886,931
Pedra Branca (CE),497,766,801,853,886,931
Penaforte (CE),497,766,801,853,886,931
Pentecoste (CE),497,766,801,853,886,931
Pereiro (CE),497,766,801,853,886,931
Pindoretama (CE),497,766,801,853,886,931
Piquet Carneiro (CE),497,766,801,853,886,931
Pires Ferreira (CE),497,766,801,853,886,931
Poranga (CE),497,766,801,853,886,931
Porteiras (CE),497,766,801,853,886,931
Potengi (CE),497,766,801,853,886,931
Potiretama (CE),497,766,801,853,886,931
Quiterianópolis (CE),497,766,801,853,886,931
Quixadá (CE),497,766,801,853,886,931
Quixelô (CE),497,766,801,853,886,931
Quixeramobim (CE),497,766,801,853,886,931
Quixeré (CE),497,766,801,853,886,931
Redenção (CE),497,766,801,853,886,931
Reriutaba (CE),497,766,801,853,886,931
Russas (CE),497,766,801,853,886,931
Saboeiro (CE),497,766,801,853,886,931
Salitre (CE),497,766,801,853,886,931
Santana do Acaraú (CE),497,766,801,853,886,931
Santana do Cariri (CE),497,766,801,853,886,931
Santa Quitéria (CE),497,766,801,853,886,931
São Benedito (CE),497,766,801,853,886,931
São Gonçalo do Amarante (CE),497,766,801,853,886,931
São João do Jaguaribe (CE),497,766,801,853,886,931
São Luís do Curu (CE),497,766,801,853,886,931
Senador Pompeu (CE),497,766,801,853,886,931
Senador Sá (CE),497,766,801,853,886,931
Sobral (CE),497,766,801,853,886,931
Solonópole (CE),497,766,801,853,886,931
Tabuleiro do Norte (CE),497,766,801,853,886,931
Tamboril (CE),497,766,801,853,886,931
Tarrafas (CE),497,766,801,853,886,931
Tauá (CE),497,766,801,853,886,931
Tejuçuoca (CE),497,766,801,853,886,931
Tianguá (CE),497,766,801,853,886,931
Trairi (CE),497,766,801,853,886,931
Tururu (CE),497,766,801,853,886,931
Ubajara (CE),497,766,801,853,886,931
Umari (CE),497,766,801,853,886,931
Umirim (CE),497,766,801,853,886,931
Uruburetama (CE),497,766,801,853,886,931
Uruoca (CE),497,766,801,853,886,931
Varjota (CE),497,766,801,853,886,931
Várzea Alegre (CE),497,766,801,853,886,931
Viçosa do Ceará (CE),497,766,801,853,886,931
ARACRUZ (ES),497,766,801,853,886,931
ITAGUAÇU (ES),497,766,801,853,886,931
ITARANA (ES),497,766,801,853,886,931
Águia Branca (ES),497,766,801,853,886,931
Água Doce do Norte (ES),497,766,801,853,886,931
Alto Rio Novo (ES),497,766,801,853,886,931
Baixo Guandu (ES),497,766,801,853,886,931
Barra de São Francisco (ES),497,766,801,853,886,931
Boa Esperança (ES),497,766,801,853,886,931
Colatina (ES),497,766,801,853,886,931
Conceição da Barra (ES),497,766,801,853,886,931
Ecoporanga (ES),497,766,801,853,886,931
Governador Lindenberg (ES),497,766,801,853,886,931
Jaguaré (ES),497,766,801,853,886,931
Linhares (ES),497,766,801,853,886,931
Mantenópolis (ES),497,766,801,853,886,931
Marilândia (ES),497,766,801,853,886,931
Montanha (ES),497,766,801,853,886,931
Mucurici (ES),497,766,801,853,886,931
Nova Venécia (ES),497,766,801,853,886,931
Pancas (ES),497,766,801,853,886,931
Pedro Canário (ES),497,766,801,853,886,931
Pinheiros (ES),497,766,801,853,886,931
Ponto Belo (ES),497,766,801,853,886,931
Rio Bananal (ES),497,766,801,853,886,931
São Domingos do Norte (ES),497,766,801,853,886,931
São Gabriel da Palha (ES),497,766,801,853,886,931
São Mateus (ES),497,766,801,853,886,931
Sooretama (ES),497,766,801,853,886,931
Vila Pavão (ES),497,766,801,853,886,931
Vila Valério (ES),497,766,801,853,886,931
Açailândia (MA),497,766,801,853,886,931
Afonso Cunha (MA),497,766,801,853,886,931
Água Doce do Maranhão (MA),497,766,801,853,886,931
Alcântara (MA),497,766,801,853,886,931
Aldeias Altas (MA),497,766,801,853,886,931
Altamira do Maranhão (MA),497,766,801,853,886,931
Alto Alegre do Maranhão (MA),497,766,801,853,886,931
Alto Alegre do Pindaré (MA),497,766,801,853,886,931
Alto Parnaíba (MA),497,766,801,853,886,931
Amapá do Maranhão (MA),497,766,801,853,886,931
Amarante do Maranhão (MA),497,766,801,853,886,931
Anajatuba (MA),497,766,801,853,886,931
Anapurus (MA),497,766,801,853,886,931
Apicum-Açu (MA),497,766,801,853,886,931
Araguanã (MA),497,766,801,853,886,931
Araioses (MA),497,766,801,853,886,931
Arame (MA),497,766,801,853,886,931
Arari (MA),497,766,801,853,886,931
Axixá (MA),497,766,801,853,886,931
Bacabal (MA),497,766,801,853,886,931
Bacabeira (MA),497,766,801,853,886,931
Bacuri (MA),497,766,801,853,886,931
Bacurituba (MA),497,766,801,853,886,931
Balsas (MA),497,766,801,853,886,931
Barão de Grajaú (MA),497,766,801,853,886,931
Barra do Corda (MA),497,766,801,853,886,931
Barreirinhas (MA),497,766,801,853,886,931
Belágua (MA),497,766,801,853,886,931
Bela Vista do Maranhão (MA),497,766,801,853,886,931
Benedito Leite (MA),497,766,801,853,886,931
Bequimão (MA),497,766,801,853,886,931
Bernardo do Mearim (MA),497,766,801,853,886,931
Boa Vista do Gurupi (MA),497,766,801,853,886,931
Bom Jardim (MA),497,766,801,853,886,931
Bom Jesus das Selvas (MA),497,766,801,853,886,931
Bom Lugar (MA),497,766,801,853,886,931
Brejo (MA),497,766,801,853,886,931
Brejo de Areia (MA),497,766,801,853,886,931
Buriti (MA),497,766,801,853,886,931
Buriti Bravo (MA),497,766,801,853,886,931
Buriticupu (MA),497,766,801,853,886,931
Buritirana (MA),497,766,801,853,886,931
Cachoeira Grande (MA),497,766,801,853,886,931
Cajapió (MA),497,766,801,853,886,931
Cajari (MA),497,766,801,853,886,931
Campestre do Maranhão (MA),497,766,801,853,886,931
Cândido Mendes (MA),497,766,801,853,886,931
Cantanhede (MA),497,766,801,853,886,931
Capinzal do Norte (MA),497,766,801,853,886,931
Carolina (MA),497,766,801,853,886,931
Carutapera (MA),497,766,801,853,886,931
Caxias (MA),497,766,801,853,886,931
Cedral (MA),497,766,801,853,886,931
Central do Maranhão (MA),497,766,801,853,886,931
Centro do Guilherme (MA),497,766,801,853,886,931
Centro Novo do Maranhão (MA),497,766,801,853,886,931
Chapadinha (MA),497,766,801,853,886,931
Cidelândia (MA),497,766,801,853,886,931
Codó (MA),497,766,801,853,886,931
Coelho Neto (MA),497,766,801,853,886,931
Colinas (MA),497,766,801,853,886,931
Conceição do Lago-Açu (MA),497,766,801,853,886,931
Coroatá (MA),497,766,801,853,886,931
Cururupu (MA),497,766,801,853,886,931
Davinópolis (MA),497,766,801,853,886,931
Dom Pedro (MA),497,766,801,853,886,931
Duque Bacelar (MA),497,766,801,853,886,931
Esperantinópolis (MA),497,766,801,853,886,931
Estreito (MA),497,766,801,853,886,931
Feira Nova do Maranhão (MA),497,766,801,853,886,931
Fernando Falcão (MA),497,766,801,853,886,931
Formosa da Serra Negra (MA),497,766,801,853,886,931
Fortaleza dos Nogueiras (MA),497,766,801,853,886,931
Fortuna (MA),497,766,801,853,886,931
Godofredo Viana (MA),497,766,801,853,886,931
Gonçalves Dias (MA),497,766,801,853,886,931
Governador Archer (MA),497,766,801,853,886,931
Governador Edison Lobão (MA),497,766,801,853,886,931
Governador Eugênio Barros (MA),497,766,801,853,886,931
Governador Luiz Rocha (MA),497,766,801,853,886,931
Governador Newton Bello (MA),497,766,801,853,886,931
Governador Nunes Freire (MA),497,766,801,853,886,931
Graça Aranha (MA),497,766,801,853,886,931
Grajaú (MA),497,766,801,853,886,931
Guimarães (MA),497,766,801,853,886,931
Humberto de Campos (MA),497,766,801,853,886,931
Icatu (MA),497,766,801,853,886,931
Igarapé do Meio (MA),497,766,801,853,886,931
Igarapé Grande (MA),497,766,801,853,886,931
Imperatriz (MA),497,766,801,853,886,931
Itaipava do Grajaú (MA),497,766,801,853,886,931
Itapecuru Mirim (MA),497,766,801,853,886,931
Itinga do Maranhão (MA),497,766,801,853,886,931
Jatobá (MA),497,766,801,853,886,931
Jenipapo dos Vieiras (MA),497,766,801,853,886,931
João Lisboa (MA),497,766,801,853,886,931
Joselândia (MA),497,766,801,853,886,931
Junco do Maranhão (MA),497,766,801,853,886,931
Lago da Pedra (MA),497,766,801,853,886,931
Lago do Junco (MA),497,766,801,853,886,931
Lago Verde (MA),497,766,801,853,886,931
Lagoa do Mato (MA),497,766,801,853,886,931
Lago dos Rodrigues (MA),497,766,801,853,886,931
Lagoa Grande do Maranhão (MA),497,766,801,853,886,931
Lajeado Novo (MA),497,766,801,853,886,931
Lima Campos (MA),497,766,801,853,886,931
Loreto (MA),497,766,801,853,886,931
Luís Domingues (MA),497,766,801,853,886,931
Magalhães de Almeida (MA),497,766,801,853,886,931
Maracaçumé (MA),497,766,801,853,886,931
Marajá do Sena (MA),497,766,801,853,886,931
Maranhãozinho (MA),497,766,801,853,886,931
Mata Roma (MA),497,766,801,853,886,931
Matinha (MA),497,766,801,853,886,931
Matões (MA),497,766,801,853,886,931
Matões do Norte (MA),497,766,801,853,886,931
Milagres do Maranhão (MA),497,766,801,853,886,931
Mirador (MA),497,766,801,853,886,931
Miranda do Norte (MA),497,766,801,853,886,931
Mirinzal (MA),497,766,801,853,886,931
Monção (MA),497,766,801,853,886,931
Montes Altos (MA),497,766,801,853,886,931
Morros (MA),497,766,801,853,886,931
Nina Rodrigues (MA),497,766,801,853,886,931
Nova Colinas (MA),497,766,801,853,886,931
Nova Iorque (MA),497,766,801,853,886,931
Nova Olinda do Maranhão (MA),497,766,801,853,886,931
Olho d'Água das Cunhãs (MA),497,766,801,853,886,931
Olinda Nova do Maranhão (MA),497,766,801,853,886,931
Paço do Lumiar (MA),497,766,801,853,886,931
Palmeirândia (MA),497,766,801,853,886,931
Paraibano (MA),497,766,801,853,886,931
Parnarama (MA),497,766,801,853,886,931
Passagem Franca (MA),497,766,801,853,886,931
Pastos Bons (MA),497,766,801,853,886,931
Paulino Neves (MA),497,766,801,853,886,931
Paulo Ramos (MA),497,766,801,853,886,931
Pedreiras (MA),497,766,801,853,886,931
Pedro do Rosário (MA),497,766,801,853,886,931
Penalva (MA),497,766,801,853,886,931
Peri Mirim (MA),497,766,801,853,886,931
Peritoró (MA),497,766,801,853,886,931
Pindaré-Mirim (MA),497,766,801,853,886,931
Pinheiro (MA),497,766,801,853,886,931
Pio XII (MA),497,766,801,853,886,931
Pirapemas (MA),497,766,801,853,886,931
Poção de Pedras (MA),497,766,801,853,886,931
Porto Franco (MA),497,766,801,853,886,931
Porto Rico do Maranhão (MA),497,766,801,853,886,931
Presidente Dutra (MA),497,766,801,853,886,931
Presidente Juscelino (MA),497,766,801,853,886,931
Presidente Médici (MA),497,766,801,853,886,931
Presidente Sarney (MA),497,766,801,853,886,931
Presidente Vargas (MA),497,766,801,853,886,931
Primeira Cruz (MA),497,766,801,853,886,931
Raposa (MA),497,766,801,853,886,931
Riachão (MA),497,766,801,853,886,931
Ribamar Fiquene (MA),497,766,801,853,886,931
Rosário (MA),497,766,801,853,886,931
Sambaíba (MA),497,766,801,853,886,931
Santa Filomena do Maranhão (MA),497,766,801,853,886,931
Santa Helena (MA),497,766,801,853,886,931
Santa Inês (MA),497,766,801,853,886,931
Santa Luzia (MA),497,766,801,853,886,931
Santa Luzia do Paruá (MA),497,766,801,853,886,931
Santa Quitéria do Maranhão (MA),497,766,801,853,886,931
Santa Rita (MA),497,766,801,853,886,931
Santana do Maranhão (MA),497,766,801,853,886,931
Santo Amaro do Maranhão (MA),497,766,801,853,886,931
Santo Antônio dos Lopes (MA),497,766,801,853,886,931
São Benedito do Rio Preto (MA),497,766,801,853,886,931
São Bento (MA),497,766,801,853,886,931
São Bernardo (MA),497,766,801,853,886,931
São Domingos do Azeitão (MA),497,766,801,853,886,931
São Domingos do Maranhão (MA),497,766,801,853,886,931
São Félix de Balsas (MA),497,766,801,853,886,931
São Francisco do Brejão (MA),497,766,801,853,886,931
São Francisco do Maranhão (MA),497,766,801,853,886,931
São João Batista (MA),497,766,801,853,886,931
São João do Carú (MA),497,766,801,853,886,931
São João do Paraíso (MA),497,766,801,853,886,931
São João do Soter (MA),497,766,801,853,886,931
São João dos Patos (MA),497,766,801,853,886,931
São José de Ribamar (MA),497,766,801,853,886,931
São José dos Basílios (MA),497,766,801,853,886,931
São Luís (MA),497,766,801,853,886,931
São Luís Gonzaga do Maranhão (MA),497,766,801,853,886,931
São Mateus do Maranhão (MA),497,766,801,853,886,931
São Pedro da Água Branca (MA),497,766,801,853,886,931
São Pedro dos Crentes (MA),497,766,801,853,886,931
São Raimundo das Mangabeiras (MA),497,766,801,853,886,931
São Raimundo do Doca Bezerra (MA),497,766,801,853,886,931
São Roberto (MA),497,766,801,853,886,931
São Vicente Ferrer (MA),497,766,801,853,886,931
Satubinha (MA),497,766,801,853,886,931
Senador Alexandre Costa (MA),497,766,801,853,886,931
Senador La Rocque (MA),497,766,801,853,886,931
Serrano do Maranhão (MA),497,766,801,853,886,931
Sítio Novo (MA),497,766,801,853,886,931
Sucupira do Norte (MA),497,766,801,853,886,931
Sucupira do Riachão (MA),497,766,801,853,886,931
Tasso Fragoso (MA),497,766,801,853,886,931
Timbiras (MA),497,766,801,853,886,931
Timon (MA),497,766,801,853,886,931
Trizidela do Vale (MA),497,766,801,853,886,931
Tufilândia (MA),497,766,801,853,886,931
Tuntum (MA),497,766,801,853,886,931
Turiaçu (MA),497,766,801,853,886,931
Turilândia (MA),497,766,801,853,886,931
Tutóia (MA),497,766,801,853,886,931
Urbano Santos (MA),497,766,801,853,886,931
Vargem Grande (MA),497,766,801,853,886,931
Viana (MA),497,766,801,853,886,931
Vila Nova dos Martírios (MA),497,766,801,853,886,931
Vitória do Mearim (MA),497,766,801,853,886,931
Vitorino Freire (MA),497,766,801,853,886,931
Zé Doca (MA),497,766,801,853,886,931
AÇUCENA (MG),497,766,801,853,886,931
ÁGUA BOA (MG),497,766,801,853,886,931
AIMORÉS (MG),497,766,801,853,886,931
ALPERCATA (MG),497,766,801,853,886,931
ALVARENGA (MG),497,766,801,853,886,931
BONFINÓPOLIS DE MINAS (MG),497,766,801,853,886,931
BRAÚNAS (MG),497,766,801,853,886,931
CANTAGALO (MG),497,766,801,853,886,931
CAPITÃO ANDRADE (MG),497,766,801,853,886,931
CARMÉSIA (MG),497,766,801,853,886,931
CENTRAL DE MINAS (MG),497,766,801,853,886,931
COLUNA (MG),497,766,801,853,886,931
CONSELHEIRO PENA (MG),497,766,801,853,886,931
COROACI (MG),497,766,801,853,886,931
CUPARAQUE (MG),497,766,801,853,886,931
DIVINO DAS LARANJEIRAS (MG),497,766,801,853,886,931
DIVINOLÂNDIA DE MINAS (MG),497,766,801,853,886,931
DOM BOSCO (MG),497,766,801,853,886,931
DORES DE GUANHÃES (MG),497,766,801,853,886,931
ENGENHEIRO CALDAS (MG),497,766,801,853,886,931
FERNANDES TOURINHO (MG),497,766,801,853,886,931
FREI INOCÊNCIO (MG),497,766,801,853,886,931
FREI LAGONEGRO (MG),497,766,801,853,886,931
GALILÉIA (MG),497,766,801,853,886,931
GOIABEIRA (MG),497,766,801,853,886,931
GONZAGA (MG),497,766,801,853,886,931
GOVERNADOR VALADARES (MG),497,766,801,853,886,931
GUANHÃES (MG),497,766,801,853,886,931
IMBÉ DE MINAS (MG),497,766,801,853,886,931
INHAPIM (MG),497,766,801,853,886,931
ITABIRINHA (MG),497,766,801,853,886,931
ITANHOMI (MG),497,766,801,853,886,931
ITUETA (MG),497,766,801,853,886,931
JAMPRUCA (MG),497,766,801,853,886,931
JOSÉ RAYDAN (MG),497,766,801,853,886,931
MANTENA (MG),497,766,801,853,886,931
MARILAC (MG),497,766,801,853,886,931
MATERLÂNDIA (MG),497,766,801,853,886,931
MENDES PIMENTEL (MG),497,766,801,853,886,931
MUTUM (MG),497,766,801,853,886,931
NACIP RAYDAN (MG),497,766,801,853,886,931
NAQUE (MG),497,766,801,853,886,931
NATALÂNDIA (MG),497,766,801,853,886,931
NOVA BELÉM (MG),497,766,801,853,886,931
NOVA MÓDICA (MG),497,766,801,853,886,931
PAULISTAS (MG),497,766,801,853,886,931
PEÇANHA (MG),497,766,801,853,886,931
PERIQUITO (MG),497,766,801,853,886,931
PIEDADE DE CARATINGA (MG),497,766,801,853,886,931
RESPLENDOR (MG),497,766,801,853,886,931
SABINÓPOLIS (MG),497,766,801,853,886,931
SANTA BÁRBARA DO LESTE (MG),497,766,801,853,886,931
SANTA EFIGÊNIA DE MINAS (MG),497,766,801,853,886,931
SANTA MARIA DO SUAÇUÍ (MG),497,766,801,853,886,931
SANTA RITA DE MINAS (MG),497,766,801,853,886,931
SANTA RITA DO ITUETO (MG),497,766,801,853,886,931
SANTO ANTÔNIO DO ITAMBÉ (MG),497,766,801,853,886,931
SÃO DOMINGOS DAS DORES (MG),497,766,801,853,886,931
SÃO FÉLIX DE MINAS (MG),497,766,801,853,886,931
SÃO GERALDO DA PIEDADE (MG),497,766,801,853,886,931
SÃO GERALDO DO BAIXIO (MG),497,766,801,853,886,931
SÃO JOÃO DA MANTENINHA (MG),497,766,801,853,886,931
SÃO JOÃO EVANGELISTA (MG),497,766,801,853,886,931
SÃO JOSÉ DA SAFIRA (MG),497,766,801,853,886,931
SÃO JOSÉ DO DIVINO (MG),497,766,801,853,886,931
SÃO JOSÉ DO JACURI (MG),497,766,801,853,886,931
SÃO PEDRO DO SUAÇUÍ (MG),497,766,801,853,886,931
SÃO SEBASTIÃO DO ANTA (MG),497,766,801,853,886,931
SÃO SEBASTIÃO DO MARANHÃO (MG),497,766,801,853,886,931
SARDOÁ (MG),497,766,801,853,886,931
SENHORA DO PORTO (MG),497,766,801,853,886,931
SERRA AZUL DE MINAS (MG),497,766,801,853,886,931
SOBRÁLIA (MG),497,766,801,853,886,931
TAPARUBA (MG),497,766,801,853,886,931
TARUMIRIM (MG),497,766,801,853,886,931
TUMIRITINGA (MG),497,766,801,853,886,931
UBAPORANGA (MG),497,766,801,853,886,931
URUANA DE MINAS (MG),497,766,801,853,886,931
MATHIAS LOBATO (MG),497,766,801,853,886,931
VIRGINÓPOLIS (MG),497,766,801,853,886,931
VIRGOLÂNDIA (MG),497,766,801,853,886,931
Águas Formosas (MG),497,766,801,853,886,931
Águas Vermelhas (MG),497,766,801,853,886,931
Almenara (MG),497,766,801,853,886,931
Cachoeira de Pajeú (MG),497,766,801,853,886,931
Angelândia (MG),497,766,801,853,886,931
Araçuaí (MG),497,766,801,853,886,931
Aricanduva (MG),497,766,801,853,886,931
Arinos (MG),497,766,801,853,886,931
Ataléia (MG),497,766,801,853,886,931
Bandeira (MG),497,766,801,853,886,931
Berilo (MG),497,766,801,853,886,931
Bertópolis (MG),497,766,801,853,886,931
Berizal (MG),497,766,801,853,886,931
Bocaiúva (MG),497,766,801,853,886,931
Bonito de Minas (MG),497,766,801,853,886,931
Botumirim (MG),497,766,801,853,886,931
Brasília de Minas (MG),497,766,801,853,886,931
Buritizeiro (MG),497,766,801,853,886,931
Campanário (MG),497,766,801,853,886,931
Campo Azul (MG),497,766,801,853,886,931
Capelinha (MG),497,766,801,853,886,931
Capitão Enéas (MG),497,766,801,853,886,931
Caraí (MG),497,766,801,853,886,931
Carbonita (MG),497,766,801,853,886,931
Carlos Chagas (MG),497,766,801,853,886,931
Catuji (MG),497,766,801,853,886,931
Catuti (MG),497,766,801,853,886,931
Chapada do Norte (MG),497,766,801,853,886,931
Chapada Gaúcha (MG),497,766,801,853,886,931
Claro dos Poções (MG),497,766,801,853,886,931
Comercinho (MG),497,766,801,853,886,931
Cônego Marinho (MG),497,766,801,853,886,931
Coração de Jesus (MG),497,766,801,853,886,931
Coronel Murta (MG),497,766,801,853,886,931
Couto de Magalhães de Minas (MG),497,766,801,853,886,931
Crisólita (MG),497,766,801,853,886,931
Cristália (MG),497,766,801,853,886,931
Curral de Dentro (MG),497,766,801,853,886,931
Datas (MG),497,766,801,853,886,931
Diamantina (MG),497,766,801,853,886,931
Divisa Alegre (MG),497,766,801,853,886,931
Divisópolis (MG),497,766,801,853,886,931
Engenheiro Navarro (MG),497,766,801,853,886,931
Espinosa (MG),497,766,801,853,886,931
Felício dos Santos (MG),497,766,801,853,886,931
São Gonçalo do Rio Preto (MG),497,766,801,853,886,931
Felisburgo (MG),497,766,801,853,886,931
Formoso (MG),497,766,801,853,886,931
Francisco Badaró (MG),497,766,801,853,886,931
Francisco Dumont (MG),497,766,801,853,886,931
Francisco Sá (MG),497,766,801,853,886,931
Franciscópolis (MG),497,766,801,853,886,931
Frei Gaspar (MG),497,766,801,853,886,931
Fronteira dos Vales (MG),497,766,801,853,886,931
Fruta de Leite (MG),497,766,801,853,886,931
Gameleiras (MG),497,766,801,853,886,931
Glaucilândia (MG),497,766,801,853,886,931
Grão Mogol (MG),497,766,801,853,886,931
Guaraciama (MG),497,766,801,853,886,931
Ibiaí (MG),497,766,801,853,886,931
Ibiracatu (MG),497,766,801,853,886,931
Icaraí de Minas (MG),497,766,801,853,886,931
Indaiabira (MG),497,766,801,853,886,931
Itacambira (MG),497,766,801,853,886,931
Itacarambi (MG),497,766,801,853,886,931
Itaipé (MG),497,766,801,853,886,931
Itamarandiba (MG),497,766,801,853,886,931
Itambacuri (MG),497,766,801,853,886,931
Itaobim (MG),497,766,801,853,886,931
Itinga (MG),497,766,801,853,886,931
Jacinto (MG),497,766,801,853,886,931
Jaíba (MG),497,766,801,853,886,931
Janaúba (MG),497,766,801,853,886,931
Januária (MG),497,766,801,853,886,931
Japonvar (MG),497,766,801,853,886,931
Jenipapo de Minas (MG),497,766,801,853,886,931
Jequitaí (MG),497,766,801,853,886,931
Jequitinhonha (MG),497,766,801,853,886,931
Joaíma (MG),497,766,801,853,886,931
Jordânia (MG),497,766,801,853,886,931
José Gonçalves de Minas (MG),497,766,801,853,886,931
Josenópolis (MG),497,766,801,853,886,931
Juramento (MG),497,766,801,853,886,931
Juvenília (MG),497,766,801,853,886,931
Ladainha (MG),497,766,801,853,886,931
Lagoa dos Patos (MG),497,766,801,853,886,931
Lassance (MG),497,766,801,853,886,931
Leme do Prado (MG),497,766,801,853,886,931
Lontra (MG),497,766,801,853,886,931
Luislândia (MG),497,766,801,853,886,931
Machacalis (MG),497,766,801,853,886,931
Malacacheta (MG),497,766,801,853,886,931
Mamonas (MG),497,766,801,853,886,931
Manga (MG),497,766,801,853,886,931
Mata Verde (MG),497,766,801,853,886,931
Matias Cardoso (MG),497,766,801,853,886,931
Mato Verde (MG),497,766,801,853,886,931
Medina (MG),497,766,801,853,886,931
Minas Novas (MG),497,766,801,853,886,931
Mirabela (MG),497,766,801,853,886,931
Miravânia (MG),497,766,801,853,886,931
Montalvânia (MG),497,766,801,853,886,931
Monte Azul (MG),497,766,801,853,886,931
Monte Formoso (MG),497,766,801,853,886,931
Montes Claros (MG),497,766,801,853,886,931
Montezuma (MG),497,766,801,853,886,931
Nanuque (MG),497,766,801,853,886,931
Ninheira (MG),497,766,801,853,886,931
Nova Porteirinha (MG),497,766,801,853,886,931
Novo Cruzeiro (MG),497,766,801,853,886,931
Novo Oriente de Minas (MG),497,766,801,853,886,931
Novorizonte (MG),497,766,801,853,886,931
Olhos-d'Água (MG),497,766,801,853,886,931
Ouro Verde de Minas (MG),497,766,801,853,886,931
Padre Carvalho (MG),497,766,801,853,886,931
Padre Paraíso (MG),497,766,801,853,886,931
Pai Pedro (MG),497,766,801,853,886,931
Palmópolis (MG),497,766,801,853,886,931
Patis (MG),497,766,801,853,886,931
Pavão (MG),497,766,801,853,886,931
Pedra Azul (MG),497,766,801,853,886,931
Pedras de Maria da Cruz (MG),497,766,801,853,886,931
Pescador (MG),497,766,801,853,886,931
Pintópolis (MG),497,766,801,853,886,931
Pirapora (MG),497,766,801,853,886,931
Ponto Chique (MG),497,766,801,853,886,931
Ponto dos Volantes (MG),497,766,801,853,886,931
Porteirinha (MG),497,766,801,853,886,931
Poté (MG),497,766,801,853,886,931
Riachinho (MG),497,766,801,853,886,931
Riacho dos Machados (MG),497,766,801,853,886,931
Rio do Prado (MG),497,766,801,853,886,931
Rio Pardo de Minas (MG),497,766,801,853,886,931
Rio Vermelho (MG),497,766,801,853,886,931
Rubelita (MG),497,766,801,853,886,931
Rubim (MG),497,766,801,853,886,931
Salinas (MG),497,766,801,853,886,931
Salto da Divisa (MG),497,766,801,853,886,931
Santa Cruz de Salinas (MG),497,766,801,853,886,931
Santa Fé de Minas (MG),497,766,801,853,886,931
Santa Helena de Minas (MG),497,766,801,853,886,931
Santa Maria do Salto (MG),497,766,801,853,886,931
Santo Antônio do Jacinto (MG),497,766,801,853,886,931
Santo Antônio do Retiro (MG),497,766,801,853,886,931
São Francisco (MG),497,766,801,853,886,931
São João da Lagoa (MG),497,766,801,853,886,931
São João da Ponte (MG),497,766,801,853,886,931
São João das Missões (MG),497,766,801,853,886,931
São João do Pacuí (MG),497,766,801,853,886,931
São João do Paraíso (MG),497,766,801,853,886,931
São Romão (MG),497,766,801,853,886,931
Setubinha (MG),497,766,801,853,886,931
Senador Modestino Gonçalves (MG),497,766,801,853,886,931
Serra dos Aimorés (MG),497,766,801,853,886,931
Serranópolis de Minas (MG),497,766,801,853,886,931
Serro (MG),497,766,801,853,886,931
Taiobeiras (MG),497,766,801,853,886,931
Teófilo Otoni (MG),497,766,801,853,886,931
Turmalina (MG),497,766,801,853,886,931
Ubaí (MG),497,766,801,853,886,931
Umburatiba (MG),497,766,801,853,886,931
Urucuia (MG),497,766,801,853,886,931
Vargem Grande do Rio Pardo (MG),497,766,801,853,886,931
Várzea da Palma (MG),497,766,801,853,886,931
Varzelândia (MG),497,766,801,853,886,931
Verdelândia (MG),497,766,801,853,886,931
Veredinha (MG),497,766,801,853,886,931
Virgem da Lapa (MG),497,766,801,853,886,931
Água Branca (PB),497,766,801,853,886,931
Aguiar (PB),497,766,801,853,886,931
Alagoa Grande (PB),497,766,801,853,886,931
Alagoa Nova (PB),497,766,801,853,886,931
Alagoinha (PB),497,766,801,853,886,931
Alcantil (PB),497,766,801,853,886,931
Algodão de Jandaíra (PB),497,766,801,853,886,931
Alhandra (PB),497,766,801,853,886,931
São João do Rio do Peixe (PB),497,766,801,853,886,931
Amparo (PB),497,766,801,853,886,931
Aparecida (PB),497,766,801,853,886,931
Araçagi (PB),497,766,801,853,886,931
Arara (PB),497,766,801,853,886,931
Araruna (PB),497,766,801,853,886,931
Areia (PB),497,766,801,853,886,931
Areia de Baraúnas (PB),497,766,801,853,886,931
Areial (PB),497,766,801,853,886,931
Aroeiras (PB),497,766,801,853,886,931
Assunção (PB),497,766,801,853,886,931
Baía da Traição (PB),497,766,801,853,886,931
Bananeiras (PB),497,766,801,853,886,931
Baraúna (PB),497,766,801,853,886,931
Barra de Santana (PB),497,766,801,853,886,931
Barra de Santa Rosa (PB),497,766,801,853,886,931
Barra de São Miguel (PB),497,766,801,853,886,931
Bayeux (PB),497,766,801,853,886,931
Belém (PB),497,766,801,853,886,931
Belém do Brejo do Cruz (PB),497,766,801,853,886,931
Bernardino Batista (PB),497,766,801,853,886,931
Boa Ventura (PB),497,766,801,853,886,931
Boa Vista (PB),497,766,801,853,886,931
Bom Jesus (PB),497,766,801,853,886,931
Bom Sucesso (PB),497,766,801,853,886,931
Bonito de Santa Fé (PB),497,766,801,853,886,931
Boqueirão (PB),497,766,801,853,886,931
Igaracy (PB),497,766,801,853,886,931
Borborema (PB),497,766,801,853,886,931
Brejo do Cruz (PB),497,766,801,853,886,931
Brejo dos Santos (PB),497,766,801,853,886,931
Caaporã (PB),497,766,801,853,886,931
Cabaceiras (PB),497,766,801,853,886,931
Cabedelo (PB),497,766,801,853,886,931
Cachoeira dos Índios (PB),497,766,801,853,886,931
Cacimba de Areia (PB),497,766,801,853,886,931
Cacimba de Dentro (PB),497,766,801,853,886,931
Cacimbas (PB),497,766,801,853,886,931
Caiçara (PB),497,766,801,853,886,931
Cajazeiras (PB),497,766,801,853,886,931
Cajazeirinhas (PB),497,766,801,853,886,931
Caldas Brandão (PB),497,766,801,853,886,931
Camalaú (PB),497,766,801,853,886,931
Campina Grande (PB),497,766,801,853,886,931
Capim (PB),497,766,801,853,886,931
Caraúbas (PB),497,766,801,853,886,931
Carrapateira (PB),497,766,801,853,886,931
Casserengue (PB),497,766,801,853,886,931
Catingueira (PB),497,766,801,853,886,931
Catolé do Rocha (PB),497,766,801,853,886,931
Caturité (PB),497,766,801,853,886,931
Conceição (PB),497,766,801,853,886,931
Condado (PB),497,766,801,853,886,931
Conde (PB),497,766,801,853,886,931
Congo (PB),497,766,801,853,886,931
Coremas (PB),497,766,801,853,886,931
Coxixola (PB),497,766,801,853,886,931
Cruz do Espírito Santo (PB),497,766,801,853,886,931
Cubati (PB),497,766,801,853,886,931
Cuité (PB),497,766,801,853,886,931
Cuitegi (PB),497,766,801,853,886,931
Cuité de Mamanguape (PB),497,766,801,853,886,931
Curral de Cima (PB),497,766,801,853,886,931
Curral Velho (PB),497,766,801,853,886,931
Damião (PB),497,766,801,853,886,931
Desterro (PB),497,766,801,853,886,931
Vista Serrana (PB),497,766,801,853,886,931
Diamante (PB),497,766,801,853,886,931
Dona Inês (PB),497,766,801,853,886,931
Duas Estradas (PB),497,766,801,853,886,931
Emas (PB),497,766,801,853,886,931
Esperança (PB),497,766,801,853,886,931
Fagundes (PB),497,766,801,853,886,931
Frei Martinho (PB),497,766,801,853,886,931
Gado Bravo (PB),497,766,801,853,886,931
Guarabira (PB),497,766,801,853,886,931
Gurinhém (PB),497,766,801,853,886,931
Gurjão (PB),497,766,801,853,886,931
Ibiara (PB),497,766,801,853,886,931
Imaculada (PB),497,766,801,853,886,931
Ingá (PB),497,766,801,853,886,931
Itabaiana (PB),497,766,801,853,886,931
Itaporanga (PB),497,766,801,853,886,931
Itapororoca (PB),497,766,801,853,886,931
Itatuba (PB),497,766,801,853,886,931
Jacaraú (PB),497,766,801,853,886,931
Jericó (PB),497,766,801,853,886,931
João Pessoa (PB),497,766,801,853,886,931
Juarez Távora (PB),497,766,801,853,886,931
Juazeirinho (PB),497,766,801,853,886,931
Junco do Seridó (PB),497,766,801,853,886,931
Juripiranga (PB),497,766,801,853,886,931
Juru (PB),497,766,801,853,886,931
Lagoa (PB),497,766,801,853,886,931
Lagoa de Dentro (PB),497,766,801,853,886,931
Lagoa Seca (PB),497,766,801,853,886,931
Lastro (PB),497,766,801,853,886,931
Livramento (PB),497,766,801,853,886,931
Logradouro (PB),497,766,801,853,886,931
Lucena (PB),497,766,801,853,886,931
Mãe d'Água (PB),497,766,801,853,886,931
Malta (PB),497,766,801,853,886,931
Mamanguape (PB),497,766,801,853,886,931
Manaíra (PB),497,766,801,853,886,931
Marcação (PB),497,766,801,853,886,931
Mari (PB),497,766,801,853,886,931
Marizópolis (PB),497,766,801,853,886,931
Massaranduba (PB),497,766,801,853,886,931
Mataraca (PB),497,766,801,853,886,931
Matinhas (PB),497,766,801,853,886,931
Mato Grosso (PB),497,766,801,853,886,931
Maturéia (PB),497,766,801,853,886,931
Mogeiro (PB),497,766,801,853,886,931
Montadas (PB),497,766,801,853,886,931
Monte Horebe (PB),497,766,801,853,886,931
Monteiro (PB),497,766,801,853,886,931
Mulungu (PB),497,766,801,853,886,931
Natuba (PB),497,766,801,853,886,931
Nazarezinho (PB),497,766,801,853,886,931
Nova Floresta (PB),497,766,801,853,886,931
Nova Olinda (PB),497,766,801,853,886,931
Nova Palmeira (PB),497,766,801,853,886,931
Olho d'Água (PB),497,766,801,853,886,931
Olivedos (PB),497,766,801,853,886,931
Ouro Velho (PB),497,766,801,853,886,931
Parari (PB),497,766,801,853,886,931
Passagem (PB),497,766,801,853,886,931
Patos (PB),497,766,801,853,886,931
Paulista (PB),497,766,801,853,886,931
Pedra Branca (PB),497,766,801,853,886,931
Pedra Lavrada (PB),497,766,801,853,886,931
Pedras de Fogo (PB),497,766,801,853,886,931
Piancó (PB),497,766,801,853,886,931
Picuí (PB),497,766,801,853,886,931
Pilar (PB),497,766,801,853,886,931
Pilões (PB),497,766,801,853,886,931
Pilõezinhos (PB),497,766,801,853,886,931
Pirpirituba (PB),497,766,801,853,886,931
Pitimbu (PB),497,766,801,853,886,931
Pocinhos (PB),497,766,801,853,886,931
Poço Dantas (PB),497,766,801,853,886,931
Poço de José de Moura (PB),497,766,801,853,886,931
Pombal (PB),497,766,801,853,886,931
Prata (PB),497,766,801,853,886,931
Princesa Isabel (PB),497,766,801,853,886,931
Puxinanã (PB),497,766,801,853,886,931
Queimadas (PB),497,766,801,853,886,931
Quixaba (PB),497,766,801,853,886,931
Remígio (PB),497,766,801,853,886,931
Pedro Régis (PB),497,766,801,853,886,931
Riachão (PB),497,766,801,853,886,931
Riachão do Bacamarte (PB),497,766,801,853,886,931
Riachão do Poço (PB),497,766,801,853,886,931
Riacho de Santo Antônio (PB),497,766,801,853,886,931
Riacho dos Cavalos (PB),497,766,801,853,886,931
Rio Tinto (PB),497,766,801,853,886,931
Salgadinho (PB),497,766,801,853,886,931
Salgado de São Félix (PB),497,766,801,853,886,931
Santa Cecília (PB),497,766,801,853,886,931
Santa Cruz (PB),497,766,801,853,886,931
Santa Helena (PB),497,766,801,853,886,931
Santa Inês (PB),497,766,801,853,886,931
Santa Luzia (PB),497,766,801,853,886,931
Santana de Mangueira (PB),497,766,801,853,886,931
Santana dos Garrotes (PB),497,766,801,853,886,931
Joca Claudino (PB),497,766,801,853,886,931
Santa Rita (PB),497,766,801,853,886,931
Santa Teresinha (PB),497,766,801,853,886,931
Santo André (PB),497,766,801,853,886,931
São Bento (PB),497,766,801,853,886,931
São Bentinho (PB),497,766,801,853,886,931
São Domingos do Cariri (PB),497,766,801,853,886,931
São Domingos (PB),497,766,801,853,886,931
São Francisco (PB),497,766,801,853,886,931
São João do Cariri (PB),497,766,801,853,886,931
São João do Tigre (PB),497,766,801,853,886,931
São José da Lagoa Tapada (PB),497,766,801,853,886,931
São José de Caiana (PB),497,766,801,853,886,931
São José de Espinharas (PB),497,766,801,853,886,931
São José dos Ramos (PB),497,766,801,853,886,931
São José de Piranhas (PB),497,766,801,853,886,931
São José de Princesa (PB),497,766,801,853,886,931
São José do Bonfim (PB),497,766,801,853,886,931
São José do Brejo do Cruz (PB),497,766,801,853,886,931
São José do Sabugi (PB),497,766,801,853,886,931
São José dos Cordeiros (PB),497,766,801,853,886,931
São Mamede (PB),497,766,801,853,886,931
São Miguel de Taipu (PB),497,766,801,853,886,931
São Sebastião de Lagoa de Roça (PB),497,766,801,853,886,931
São Sebastião do Umbuzeiro (PB),497,766,801,853,886,931
Sapé (PB),497,766,801,853,886,931
São Vicente do Seridó (PB),497,766,801,853,886,931
Serra Branca (PB),497,766,801,853,886,931
Serra da Raiz (PB),497,766,801,853,886,931
Serra Grande (PB),497,766,801,853,886,931
Serra Redonda (PB),497,766,801,853,886,931
Serraria (PB),497,766,801,853,886,931
Sertãozinho (PB),497,766,801,853,886,931
Sobrado (PB),497,766,801,853,886,931
Solânea (PB),497,766,801,853,886,931
Soledade (PB),497,766,801,853,886,931
Sossêgo (PB),497,766,801,853,886,931
Sousa (PB),497,766,801,853,886,931
Sumé (PB),497,766,801,853,886,931
Tacima (PB),497,766,801,853,886,931
Taperoá (PB),497,766,801,853,886,931
Tavares (PB),497,766,801,853,886,931
Teixeira (PB),497,766,801,853,886,931
Tenório (PB),497,766,801,853,886,931
Triunfo (PB),497,766,801,853,886,931
Uiraúna (PB),497,766,801,853,886,931
Umbuzeiro (PB),497,766,801,853,886,931
Várzea (PB),497,766,801,853,886,931
Vieirópolis (PB),497,766,801,853,886,931
Zabelê (PB),497,766,801,853,886,931
Abreu e Lima (PE),497,766,801,853,886,931
Afogados da Ingazeira (PE),497,766,801,853,886,931
Afrânio (PE),497,766,801,853,886,931
Agrestina (PE),497,766,801,853,886,931
Água Preta (PE),497,766,801,853,886,931
Águas Belas (PE),497,766,801,853,886,931
Alagoinha (PE),497,766,801,853,886,931
Aliança (PE),497,766,801,853,886,931
Altinho (PE),497,766,801,853,886,931
Amaraji (PE),497,766,801,853,886,931
Angelim (PE),497,766,801,853,886,931
Araçoiaba (PE),497,766,801,853,886,931
Araripina (PE),497,766,801,853,886,931
Arcoverde (PE),497,766,801,853,886,931
Barra de Guabiraba (PE),497,766,801,853,886,931
Barreiros (PE),497,766,801,853,886,931
Belém de Maria (PE),497,766,801,853,886,931
Belém do São Francisco (PE),497,766,801,853,886,931
Belo Jardim (PE),497,766,801,853,886,931
Betânia (PE),497,766,801,853,886,931
Bezerros (PE),497,766,801,853,886,931
Bodocó (PE),497,766,801,853,886,931
Bom Conselho (PE),497,766,801,853,886,931
Bom Jardim (PE),497,766,801,853,886,931
Bonito (PE),497,766,801,853,886,931
Brejão (PE),497,766,801,853,886,931
Brejinho (PE),497,766,801,853,886,931
Brejo da Madre de Deus (PE),497,766,801,853,886,931
Buenos Aires (PE),497,766,801,853,886,931
Buíque (PE),497,766,801,853,886,931
Cabo de Santo Agostinho (PE),497,766,801,853,886,931
Cabrobó (PE),497,766,801,853,886,931
Cachoeirinha (PE),497,766,801,853,886,931
Caetés (PE),497,766,801,853,886,931
Calçado (PE),497,766,801,853,886,931
Calumbi (PE),497,766,801,853,886,931
Camaragibe (PE),497,766,801,853,886,931
Camocim de São Félix (PE),497,766,801,853,886,931
Camutanga (PE),497,766,801,853,886,931
Camutanga (PE),497,766,801,853,886,931
Camutanga (PE),497,766,801,853,886,931
Camutanga (PE),497,766,801,853,886,931
Camutanga (PE),497,766,801,853,886,931
Camutanga (PE),497,766,801,853,886,931
Camutanga (PE),497,766,801,853,886,931
Camutanga (PE),497,766,801,853,886,931
Camutanga (PE),497,766,801,853,886,931
Camutanga (PE),497,766,801,853,886,931
Camutanga (PE),497,766,801,853,886,931
Camutanga (PE),497,766,801,853,886,931
Camutanga (PE),497,766,801,853,886,931
Camutanga (PE),497,766,801,853,886,931
Camutanga (PE),497,766,801,853,886,931
Camutanga (PE),497,766,801,853,886,931
Camutanga (PE),497,766,801,853,886,931
Camutanga (PE),497,766,801,853,886,931
Camutanga (PE),497,766,801,853,886,931
Camutanga (PE),497,766,801,853,886,931
Camutanga (PE),497,766,801,853,886,931
Camutanga (PE),497,766,801,853,886,931
Camutanga (PE),497,766,801,853,886,931
Camutanga (PE),497,766,801,853,886,931
Camutanga (PE),497,766,801,853,886,931
Camutanga (PE),497,766,801,853,886,931
Camutanga (PE),497,766,801,853,886,931
Camutanga (PE),497,766,801,853,886,931
Camutanga (PE),497,766,801,853,886,931
Camutanga (PE),497,766,801,853,886,931
Camutanga (PE),497,766,801,853,886,931
Camutanga (PE),497,766,801,853,886,931
Camutanga (PE),497,766,801,853,886,931
Camutanga (PE),497,766,801,853,886,931
Camutanga (PE),497,766,801,853,886,931
Camutanga (PE),497,766,801,853,886,931
Camutanga (PE),497,766,801,853,886,931
Camutanga (PE),497,766,801,853,886,931
Camutanga (PE),497,766,801,853,886,931
Camutanga (PE),497,766,801,853,886,931
Camutanga (PE),497,766,801,853,886,931
Camutanga (PE),497,766,801,853,886,931
Camutanga (PE),497,766,801,853,886,931
Camutanga (PE),497,766,801,853,886,931
Camutanga (PE),497,766,801,853,886,931
Camutanga (PE),497,766,801,853,886,931
Camutanga (PE),497,766,801,853,886,931
Camutanga (PE),497,766,801,853,886,931
Camutanga (PE),497,766,801,853,886,931
Camutanga (PE),497,766,801,853,886,931
Camutanga (PE),497,766,801,853,886,931
Camutanga (PE),497,766,801,853,886,931
Camutanga (PE),497,766,801,853,886,931
Camutanga (PE),497,766,801,853,886,931
Camutanga (PE),497,766,801,853,886,931
Camutanga (PE),497,766,801,853,886,931
Camutanga (PE),497,766,801,853,886,931
Camutanga (PE),497,766,801,853,886,931
Camutanga (PE),497,766,801,853,886,931
Camutanga (PE),497,766,801,853,886,931
Camutanga (PE),497,766,801,853,886,931
Camutanga (PE),497,766,801,853,886,931
Camutanga (PE),497,766,801,853,886,931
Camutanga (PE),497,766,801,853,886,931
Camutanga (PE),497,766,801,853,886,931
Camutanga (PE),497,766,801,853,886,931
Camutanga (PE),497,766,801,853,886,931
Camutanga (PE),497,766,801,853,886,931
Camutanga (PE),497,766,801,853,886,931
Camutanga (PE),497,766,801,853,886,931
Camutanga (PE),497,766,801,853,886,931
Camutanga (PE),497,766,801,853,886,931
Camutanga (PE),497,766,801,853,886,931
Camutanga (PE),497,766,801,853,886,931
Camutanga (PE),497,766,801,853,886,931
Camutanga (PE),497,766,801,853,886,931
Camutanga (PE),497,766,801,853,886,931
Camutanga (PE),497,766,801,853,886,931
Camutanga (PE),497,766,801,853,886,931
Camutanga (PE),497,766,801,853,886,931
Camutanga (PE),497,766,801,853,886,931
Camutanga (PE),497,766,801,853,886,931
Camutanga (PE),497,766,801,853,886,931
Camutanga (PE),497,766,801,853,886,931
Camutanga (PE),497,766,801,853,886,931
Camutanga (PE),497,766,801,853,886,931
Camutanga (PE),497,766,801,853,886,931
Camutanga (PE),497,766,801,853,886,931
Camutanga (PE),497,766,801,853,886,931
Camutanga (PE),497,766,801,853,886,931
Camutanga (PE),497,766,801,853,886,931
Camutanga (PE),497,766,801,853,886,931
Camutanga (PE),497,766,801,853,886,931
Camutanga (PE),497,766,801,853,886,931
Camutanga (PE),497,766,801,853,886,931
Camutanga (PE),497,766,801,853,886,931
Camutanga (PE),497,766,801,853,886,931
Camutanga (PE),497,766,801,853,886,931
Camutanga (PE),497,766,801,853,886,931
Camutanga (PE),497,766,801,853,886,931
Camutanga (PE),497,766,801,853,886,931
Camutanga (PE),497,766,801,853,886,931
Camutanga (PE),497,766,801,853,886,931
Camutanga (PE),497,766,801,853,886,931
Camutanga (PE),497,766,801,853,886,931
Camutanga (PE),497,766,801,853,886,931
Camutanga (PE),497,766,801,853,886,931
Camutanga (PE),497,766,801,853,886,931
Camutanga (PE),497,766,801,853,886,931
Camutanga (PE),497,766,801,853,886,931
Camutanga (PE),497,766,801,853,886,931
Camutanga (PE),497,766,801,853,886,931
Camutanga (PE),497,766,801,853,886,931
Camutanga (PE),497,766,801,853,886,931
Camutanga (PE),497,766,801,853,886,931
Camutanga (PE),497,766,801,853,886,931
Camutanga (PE),497,766,801,853,886,931
Camutanga (PE),497,766,801,853,886,931
Camutanga (PE),497,766,801,853,886,931
Camutanga (PE),497,766,801,853,886,931
Camutanga (PE),497,766,801,853,886,931
Camutanga (PE),497,766,801,853,886,931
Camutanga (PE),497,766,801,853,886,931
Camutanga (PE),497,766,801,853,886,931
Camutanga (PE),497,766,801,853,886,931
Camutanga (PE),497,766,801,853,886,931
Camutanga (PE),497,766,801,853,886,931
Camutanga (PE),497,766,801,853,886,931
Camutanga (PE),497,766,801,853,886,931
Camutanga (PE),497,766,801,853,886,931
Camutanga (PE),497,766,801,853,886,931
Camutanga (PE),497,766,801,853,886,931
Camutanga (PE),497,766,801,853,886,931
Camutanga (PE),497,766,801,853,886,931
Camutanga (PE),497,766,801,853,886,931
Camutanga (PE),497,766,801,853,886,931
Camutanga (PE),497,766,801,853,886,931
Camutanga (PE),497,766,801,853,886,931
Camutanga (PE),497,766,801,853,886,931
Camutanga (PE),497,766,801,853,886,931
Camutanga (PE),497,766,801,853,886,931
Camutanga (PE),497,766,801,853,886,931
Camutanga (PE),497,766,801,853,886,931
Camutanga (PE),497,766,801,853,886,931
Camutanga (PE),497,766,801,853,886,931
Camutanga (PE),497,766,801,853,886,931
Camutanga (PE),497,766,801,853,886,931
Camutanga (PE),497,766,801,853,886,931
Camutanga (PE),497,766,801,853,886,931
Camutanga (PE),497,766,801,853,886,931
Camutanga (PE),497,766,801,853,886,931
Camutanga (PE),497,766,801,853,886,931
Camutanga (PE),497,766,801,853,886,931
Camutanga (PE),497,766,801,853,886,931
Camutanga (PE),497,766,801,853,886,931
Camutanga (PE),497,766,801,853,886,931
Camutanga (PE),497,766,801,853,886,931
Camutanga (PE),497,766,801,853,886,931
Camutanga (PE),497,766,801,853,886,931
Camutanga (PE),497,766,801,853,886,931
Camutanga (PE),497,766,801,853,886,931
Camutanga (PE),497,766,801,853,886,931
Camutanga (PE),497,766,801,853,886,931
Camutanga (PE),497,766,801,853,886,931
Camutanga (PE),497,766,801,853,886,931
Camutanga (PE),497,766,801,853,886,931
Camutanga (PE),497,766,801,853,886,931
Camutanga (PE),497,766,801,853,886,931
Camutanga (PE),497,766,801,853,886,931
Camutanga (PE),497,766,801,853,886,931
Camutanga (PE),497,766,801,853,886,931
Camutanga (PE),497,766,801,853,886,931
Camutanga (PE),497,766,801,853,886,931
Camutanga (PE),497,766,801,853,886,931
Camutanga (PE),497,766,801,853,886,931
Camutanga (PE),497,766,801,853,886,931
Camutanga (PE),497,766,801,853,886,931
Camutanga (PE),497,766,801,853,886,931
Camutanga (PE),497,766,801,853,886,931
Camutanga (PE),497,766,801,853,886,931
Camutanga (PE),497,766,801,853,886,931
Camutanga (PE),497,766,801,853,886,931
Camutanga (PE),497,766,801,853,886,931
Camutanga (PE),497,766,801,853,886,931
Camutanga (PE),497,766,801,853,886,931
Camutanga (PE),497,766,801,853,886,931
Camutanga (PE),497,766,801,853,886,931
Camutanga (PE),497,766,801,853,886,931
Camutanga (PE),497,766,801,853,886,931
Camutanga (PE),497,766,801,853,886,931
Camutanga (PE),497,766,801,853,886,931
Camutanga (PE),497,766,801,853,886,931
Camutanga (PE),497,766,801,853,886,931
Camutanga (PE),497,766,801,853,886,931
Camutanga (PE),497,766,801,853,886,931
Camutanga (PE),497,766,801,853,886,931
Camutanga (PE),497,766,801,853,886,931
Camutanga (PE),497,766,801,853,886,931
Camutanga (PE),497,766,801,853,886,931
Camutanga (PE),497,766,801,853,886,931
Camutanga (PE),497,766,801,853,886,931
Camutanga (PE),497,766,801,853,886,931
Camutanga (PE),497,766,801,853,886,931
Camutanga (PE),497,766,801,853,886,931
Camutanga (PE),497,766,801,853,886,931
Camutanga (PE),497,766,801,853,886,931
Camutanga (PE),497,766,801,853,886,931
Camutanga (PE),497,766,801,853,886,931
Camutanga (PE),497,766,801,853,886,931
Camutanga (PE),497,766,801,853,886,931
Camutanga (PE),497,766,801,853,886,931
Camutanga (PE),497,766,801,853,886,931
Camutanga (PE),497,766,801,853,886,931
Camutanga (PE),497,766,801,853,886,931
Camutanga (PE),497,766,801,853,886,931
Camutanga (PE),497,766,801,853,886,931
Camutanga (PE),497,766,801,853,886,931
Camutanga (PE),497,766,801,853,886,931
Camutanga (PE),497,766,801,853,886,931
Camutanga (PE),497,766,801,853,886,931
Camutanga (PE),497,766,801,853,886,931
Camutanga (PE),497,766,801,853,886,931
Camutanga (PE),497,766,801,853,886,931
Camutanga (PE),497,766,801,853,886,931
Camutanga (PE),497,766,801,853,886,931
Camutanga (PE),497,766,801,853,886,931
Camutanga (PE),497,766,801,853,886,931
Camutanga (PE),497,766,801,853,886,931
Camutanga (PE),497,766,801,853,886,931
Camutanga (PE),497,766,801,853,886,931
Camutanga (PE),497,766,801,853,886,931
Camutanga (PE),497,766,801,853,886,931
Camutanga (PE),497,766,801,853,886,931
Camutanga (PE),497,766,801,853,886,931
Camutanga (PE),497,766,801,853,886,931
Camutanga (PE),497,766,801,853,886,931
Camutanga (PE),497,766,801,853,886,931
Camutanga (PE),497,766,801,853,886,931
Camutanga (PE),497,766,801,853,886,931
Camutanga (PE),497,766,801,853,886,931
Camutanga (PE),497,766,801,853,886,931
Camutanga (PE),497,766,801,853,886,931
Camutanga (PE),497,766,801,853,886,931
Camutanga (PE),497,766,801,853,886,931
Camutanga (PE),497,766,801,853,886,931
Camutanga (PE),497,766,801,853,886,931
Camutanga (PE),497,766,801,853,886,931
Camutanga (PE),497,766,801,853,886,931
Camutanga (PE),497,766,801,853,886,931
Camutanga (PE),497,766,801,853,886,931
Camutanga (PE),497,766,801,853,886,931
Camutanga (PE),497,766,801,853,886,931
Camutanga (PE),497,766,801,853,886,931
Camutanga (PE),497,766,801,853,886,931
Camutanga (PE),497,766,801,853,886,931
Camutanga (PE),497,766,801,853,886,931
Camutanga (PE),497,766,801,853,886,931
Camutanga (PE),497,766,801,853,886,931
Camutanga (PE),497,766,801,853,886,931
Camutanga (PE),497,766,801,853,886,931
Camutanga (PE),497,766,801,853,886,931
Camutanga (PE),497,766,801,853,886,931
Camutanga (PE),497,766,801,853,886,931
Camutanga (PE),497,766,801,853,886,931
Camutanga (PE),497,766,801,853,886,931
Camutanga (PE),497,766,801,853,886,931
Camutanga (PE),497,766,801,853,886,931
Camutanga (PE),497,766,801,853,886,931
Camutanga (PE),497,766,801,853,886,931
Camutanga (PE),497,766,801,853,886,931
Camutanga (PE),497,766,801,853,886,931
Camutanga (PE),497,766,801,853,886,931
Camutanga (PE),497,766,801,853,886,931
Camutanga (PE),497,766,801,853,886,931
Camutanga (PE),497,766,801,853,886,931
Camutanga (PE),497,766,801,853,886,931
Camutanga (PE),497,766,801,853,886,931
Camutanga (PE),497,766,801,853,886,931
Camutanga (PE),497,766,801,853,886,931
Camutanga (PE),497,766,801,853,886,931
Camutanga (PE),497,766,801,853,886,931
Camutanga (PE),497,766,801,853,886,931
Camutanga (PE),497,766,801,853,886,931
Camutanga (PE),497,766,801,853,886,931
Camutanga (PE),497,766,801,853,886,931
Camutanga (PE),497,766,801,853,886,931
Camutanga (PE),497,766,801,853,886,931
Camutanga (PE),497,766,801,853,886,931
Camutanga (PE),497,766,801,853,886,931
Camutanga (PE),497,766,801,853,886,931
Camutanga (PE),497,766,801,853,886,931
Camutanga (PE),497,766,801,853,886,931
Camutanga (PE),497,766,801,853,886,931
Camutanga (PE),497,766,801,853,886,931
Camutanga (PE),497,766,801,853,886,931
Camutanga (PE),497,766,801,853,886,931
Camutanga (PE),497,766,801,853,886,931
Camutanga (PE),497,766,801,853,886,931
Camutanga (PE),497,766,801,853,886,931
Camutanga (PE),497,766,801,853,886,931
Camutanga (PE),497,766,801,853,886,931
Camutanga (PE),497,766,801,853,886,931
Camutanga (PE),497,766,801,853,886,931
Camutanga (PE),497,766,801,853,886,931
Camutanga (PE),497,766,801,853,886,931
Camutanga (PE),497,766,801,853,886,931
Camutanga (PE),497,766,801,853,886,931
Camutanga (PE),497,766,801,853,886,931
Camutanga (PE),497,766,801,853,886,931
Camutanga (PE),497,766,801,853,886,931
Camutanga (PE),497,766,801,853,886,931
Camutanga (PE),497,766,801,853,886,931
Camutanga (PE),497,766,801,853,886,931
Camutanga (PE),497,766,801,853,886,931
Camutanga (PE),497,766,801,853,886,931
Camutanga (PE),497,766,801,853,886,931
Camutanga (PE),497,766,801,853,886,931
Camutanga (PE),497,766,801,853,886,931
Camutanga (PE),497,766,801,853,886,931
Camutanga (PE),497,766,801,853,886,931
Camutanga (PE),497,766,801,853,886,931
Camutanga (PE),497,766,801,853,886,931
Camutanga (PE),497,766,801,853,886,931
Camutanga (PE),497,766,801,853,886,931
Camutanga (PE),497,766,801,853,886,931
Camutanga (PE),497,766,801,853,886,931
Camutanga (PE),497,766,801,853,886,931
Camutanga (PE),497,766,801,853,886,931
Camutanga (PE),497,766,801,853,886,931
Camutanga (PE),497,766,801,853,886,931
Camutanga (PE),497,766,801,853,886,931
Camutanga (PE),497,766,801,853,886,931
Camutanga (PE),497,766,801,853,886,931
Camutanga (PE),497,766,801,853,886,931
Camutanga (PE),497,766,801,853,886,931
Camutanga (PE),497,766,801,853,886,931
Camutanga (PE),497,766,801,853,886,931
Camutanga (PE),497,766,801,853,886,931
Camutanga (PE),497,766,801,853,886,931
Camutanga (PE),497,766,801,853,886,931
Camutanga (PE),497,766,801,853,886,931
Camutanga (PE),497,766,801,853,886,931
Camutanga (PE),497,766,801,853,886,931
Camutanga (PE),497,766,801,853,886,931
Camutanga (PE),497,766,801,853,886,931
Camutanga (PE),497,766,801,853,886,931
Camutanga (PE),497,766,801,853,886,931
Camutanga (PE),497,766,801,853,886,931
Camutanga (PE),497,766,801,853,886,931
Camutanga (PE),497,766,801,853,886,931
Camutanga (PE),497,766,801,853,886,931
Camutanga (PE),497,766,801,853,886,931
Camutanga (PE),497,766,801,853,886,931
Camutanga (PE),497,766,801,853,886,931
Camutanga (PE),497,766,801,853,886,931
Camutanga (PE),497,766,801,853,886,931
Camutanga (PE),497,766,801,853,886,931
Camutanga (PE),497,766,801,853,886,931
Camutanga (PE),497,766,801,853,886,931
Camutanga (PE),497,766,801,853,886,931
Camutanga (PE),497,766,801,853,886,931
Camutanga (PE),497,766,801,853,886,931
Camutanga (PE),497,766,801,853,886,931
Camutanga (PE),497,766,801,853,886,931
Camutanga (PE),497,766,801,853,886,931
Camutanga (PE),497,766,801,853,886,931
Camutanga (PE),497,766,801,853,886,931
Camutanga (PE),497,766,801,853,886,931
Camutanga (PE),497,766,801,853,886,931
Camutanga (PE),497,766,801,853,886,931
Camutanga (PE),497,766,801,853,886,931
Camutanga (PE),497,766,801,853,886,931
Camutanga (PE),497,766,801,853,886,931
Camutanga (PE),497,766,801,853,886,931
Camutanga (PE),497,766,801,853,886,931
Camutanga (PE),497,766,801,853,886,931
Camutanga (PE),497,766,801,853,886,931
Camutanga (PE),497,766,801,853,886,931
Camutanga (PE),497,766,801,853,886,931
Camutanga (PE),497,766,801,853,886,931
Camutanga (PE),497,766,801,853,886,931
Camutanga (PE),497,766,801,853,886,931
Camutanga (PE),497,766,801,853,886,931
Camutanga (PE),497,766,801,853,886,931
Camutanga (PE),497,766,801,853,886,931
Camutanga (PE),497,766,801,853,886,931
Camutanga (PE),497,766,801,853,886,931
Camutanga (PE),497,766,801,853,886,931
Camutanga (PE),497,766,801,853,886,931
Camutanga (PE),497,766,801,853,886,931
Camutanga (PE),497,766,801,853,886,931
Camutanga (PE),497,766,801,853,886,931
Camutanga (PE),497,766,801,853,886,931
Camutanga (PE),497,766,801,853,886,931
Camutanga (PE),497,766,801,853,886,931
Camutanga (PE),497,766,801,853,886,931
Camutanga (PE),497,766,801,853,886,931
Camutanga (PE),497,766,801,853,886,931
Camutanga (PE),497,766,801,853,886,931
Camutanga (PE),497,766,801,853,886,931
Camutanga (PE),497,766,801,853,886,931
Camutanga (PE),497,766,801,853,886,931
Camutanga (PE),497,766,801,853,886,931
Camutanga (PE),497,766,801,853,886,931
Camutanga (PE),497,766,801,853,886,931
Camutanga (PE),497,766,801,853,886,931
Camutanga (PE),497,766,801,853,886,931
Camutanga (PE),497,766,801,853,886,931
Camutanga (PE),497,766,801,853,886,931
Camutanga (PE),497,766,801,853,886,931
Camutanga (PE),497,766,801,853,886,931
Camutanga (PE),497,766,801,853,886,931
Camutanga (PE),497,766,801,853,886,931
Camutanga (PE),497,766,801,853,886,931
Camutanga (PE),497,766,801,853,886,931
Camutanga (PE),497,766,801,853,886,931
Camutanga (PE),497,766,801,853,886,931
Camutanga (PE),497,766,801,853,886,931
Camutanga (PE),497,766,801,853,886,931
Camutanga (PE),497,766,801,853,886,931
Camutanga (PE),497,766,801,853,886,931
Camutanga (PE),497,766,801,853,886,931
Camutanga (PE),497,766,801,853,886,931
Camutanga (PE),497,766,801,853,886,931
Camutanga (PE),497,766,801,853,886,931
Camutanga (PE),497,766,801,853,886,931
Camutanga (PE),497,766,801,853,886,931
Camutanga (PE),497,766,801,853,886,931
Camutanga (PE),497,766,801,853,886,931
Camutanga (PE),497,766,801,853,886,931
Camutanga (PE),497,766,801,853,886,931
Camutanga (PE),497,766,801,853,886,931
Camutanga (PE),497,766,801,853,886,931
Camutanga (PE),497,766,801,853,886,931
Camutanga (PE),497,766,801,853,886,931
Camutanga (PE),497,766,801,853,886,931
Camutanga (PE),497,766,801,853,886,931
Camutanga (PE),497,766,801,853,886,931
Camutanga (PE),497,766,801,853,886,931
Camutanga (PE),497,766,801,853,886,931
Camutanga (PE),497,766,801,853,886,931
Camutanga (PE),497,766,801,853,886,931
Camutanga (PE),497,766,801,853,886,931
Camutanga (PE),497,766,801,853,886,931
Camutanga (PE),497,766,801,853,886,931
Camutanga (PE),497,766,801,853,886,931
Camutanga (PE),497,766,801,853,886,931
Camutanga (PE),497,766,801,853,886,931
Camutanga (PE),497,766,801,853,886,931
Camutanga (PE),497,766,801,853,886,931
Camutanga (PE),497,766,801,853,886,931
Camutanga (PE),497,766,801,853,886,931
Camutanga (PE),497,766,801,853,886,931
Camutanga (PE),497,766,801,853,886,931
Camutanga (PE),497,766,801,853,886,931
Camutanga (PE),497,766,801,853,886,931
Camutanga (PE),497,766,801,853,886,931
Camutanga (PE),497,766,801,853,886,931
Camutanga (PE),497,766,801,853,886,931
Camutanga (PE),497,766,801,853,886,931
Camutanga (PE),497,766,801,853,886,931
Camutanga (PE),497,766,801,853,886,931
Camutanga (PE),497,766,801,853,886,931
Camutanga (PE),497,766,801,853,886,931
Camutanga (PE),497,766,801,853,886,931
Camutanga (PE),497,766,801,853,886,931
Camutanga (PE),497,766,801,853,886,931
Camutanga (PE),497,766,801,853,886,931
Camutanga (PE),497,766,801,853,886,931
Camutanga (PE),497,766,801,853,886,931
Camutanga (PE),497,766,801,853,886,931
Camutanga (PE),497,766,801,853,886,931
Camutanga (PE),497,766,801,853,886,931
Camutanga (PE),497,766,801,853,886,931
Camutanga (PE),497,766,801,853,886,931
Camutanga (PE),497,766,801,853,886,931
Camutanga (PE),497,766,801,853,886,931
Camutanga (PE),497,766,801,853,886,931
Camutanga (PE),497,766,801,853,886,931
Camutanga (PE),497,766,801,853,886,931
Camutanga (PE),497,766,801,853,886,931
Camutanga (PE),497,766,801,853,886,931
Camutanga (PE),497,766,801,853,886,931
Camutanga (PE),497,766,801,853,886,931
Camutanga (PE),497,766,801,853,886,931
Camutanga (PE),497,766,801,853,886,931
Camutanga (PE),497,766,801,853,886,931
Camutanga (PE),497,766,801,853,886,931
Camutanga (PE),497,766,801,853,886,931
Camutanga (PE),497,766,801,853,886,931
Camutanga (PE),497,766,801,853,886,931
Camutanga (PE),497,766,801,853,886,931
Camutanga (PE),497,766,801,853,886,931
Camutanga (PE),497,766,801,853,886,931
Camutanga (PE),497,766,801,853,886,931
Camutanga (PE),497,766,801,853,886,931
Camutanga (PE),497,766,801,853,886,931
Camutanga (PE),497,766,801,853,886,931
Camutanga (PE),497,766,801,853,886,931
Camutanga (PE),497,766,801,853,886,931
Camutanga (PE),497,766,801,853,886,931
Camutanga (PE),497,766,801,853,886,931
Camutanga (PE),497,766,801,853,886,931
Camutanga (PE),497,766,801,853,886,931
Camutanga (PE),497,766,801,853,886,931
Camutanga (PE),497,766,801,853,886,931
Camutanga (PE),497,766,801,853,886,931
Camutanga (PE),497,766,801,853,886,931
Camutanga (PE),497,766,801,853,886,931
Camutanga (PE),497,766,801,853,886,931
Camutanga (PE),497,766,801,853,886,931
Camutanga (PE),497,766,801,853,886,931
Camutanga (PE),497,766,801,853,886,931
Camutanga (PE),497,766,801,853,886,931
Camutanga (PE),497,766,801,853,886,931
Camutanga (PE),497,766,801,853,886,931
Camutanga (PE),497,766,801,853,886,931
Camutanga (PE),497,766,801,853,886,931
Camutanga (PE),497,766,801,853,886,931
Camutanga (PE),497,766,801,853,886,931
Camutanga (PE),497,766,801,853,886,931
Camutanga (PE),497,766,801,853,886,931
Camutanga (PE),497,766,801,853,886,931
Camutanga (PE),497,766,801,853,886,931
Camutanga (PE),497,766,801,853,886,931
Camutanga (PE),497,766,801,853,886,931
Camutanga (PE),497,766,801,853,886,931
Camutanga (PE),497,766,801,853,886,931
Camutanga (PE),497,766,801,853,886,931
Camutanga (PE),497,766,801,853,886,931
Camutanga (PE),497,766,801,853,886,931
Camutanga (PE),497,766,801,853,886,931
Camutanga (PE),497,766,801,853,886,931
Camutanga (PE),497,766,801,853,886,931
Camutanga (PE),497,766,801,853,886,931
Camutanga (PE),497,766,801,853,886,931
Camutanga (PE),497,766,801,853,886,931
Camutanga (PE),497,766,801,853,886,931
Camutanga (PE),497,766,801,853,886,931
Camutanga (PE),497,766,801,853,886,931
Camutanga (PE),497,766,801,853,886,931
Camutanga (PE),497,766,801,853,886,931
Camutanga (PE),497,766,801,853,886,931
Camutanga (PE),497,766,801,853,886,931
Camutanga (PE),497,766,801,853,886,931
Camutanga (PE),497,766,801,853,886,931
Camutanga (PE),497,766,801,853,886,931
Camutanga (PE),497,766,801,853,886,931
Camutanga (PE),497,766,801,853,886,931
Camutanga (PE),497,766,801,853,886,931
Camutanga (PE),497,766,801,853,886,931
Camutanga (PE),497,766,801,853,886,931
Camutanga (PE),497,766,801,853,886,931
Camutanga (PE),497,766,801,853,886,931
Camutanga (PE),497,766,801,853,886,931
Camutanga (PE),497,766,801,853,886,931
Camutanga (PE),497,766,801,853,886,931
Camutanga (PE),497,766,801,853,886,931
Camutanga (PE),497,766,801,853,886,931
Camutanga (PE),497,766,801,853,886,931
Camutanga (PE),497,766,801,853,886,931
Camutanga (PE),497,766,801,853,886,931
Camutanga (PE),497,766,801,853,886,931
Camutanga (PE),497,766,801,853,886,931
Camutanga (PE),497,766,801,853,886,931
Camutanga (PE),497,766,801,853,886,931
Camutanga (PE),497,766,801,853,886,931
Camutanga (PE),497,766,801,853,886,931
Camutanga (PE),497,766,801,853,886,931
Camutanga (PE),497,766,801,853,886,931
Camutanga (PE),497,766,801,853,886,931
Camutanga (PE),497,766,801,853,886,931
Camutanga (PE),497,766,801,853,886,931
Camutanga (PE),497,766,801,853,886,931
Camutanga (PE),497,766,801,853,886,931
Camutanga (PE),497,766,801,853,886,931
Camutanga (PE),497,766,801,853,886,931
Camutanga (PE),497,766,801,853,886,931
Camutanga (PE),497,766,801,853,886,931
Camutanga (PE),497,766,801,853,886,931
Camutanga (PE),497,766,801,853,886,931
Camutanga (PE),497,766,801,853,886,931
Camutanga (PE),497,766,801,853,886,931
Camutanga (PE),497,766,801,853,886,931
Camutanga (PE),497,766,801,853,886,931
Camutanga (PE),497,766,801,853,886,931
Camutanga (PE),497,766,801,853,886,931
Camutanga (PE),497,766,801,853,886,931
Camutanga (PE),497,766,801,853,886,931
Camutanga (PE),497,766,801,853,886,931
Camutanga (PE),497,766,801,853,886,931
Camutanga (PE),497,766,801,853,886,931
Camutanga (PE),497,766,801,853,886,931
Camutanga (PE),497,766,801,853,886,931
Camutanga (PE),497,766,801,853,886,931
Camutanga (PE),497,766,801,853,886,931
Camutanga (PE),497,766,801,853,886,931
Camutanga (PE),497,766,801,853,886,931
Camutanga (PE),497,766,801,853,886,931
Camutanga (PE),497,766,801,853,886,931
Camutanga (PE),497,766,801,853,886,931
Camutanga (PE),497,766,801,853,886,931
Camutanga (PE),497,766,801,853,886,931
Camutanga (PE),497,766,801,853,886,931
Camutanga (PE),497,766,801,853,886,931
Camutanga (PE),497,766,801,853,886,931
Camutanga (PE),497,766,801,853,886,931
Camutanga (PE),497,766,801,853,886,931
Camutanga (PE),497,766,801,853,886,931
Camutanga (PE),497,766,801,853,886,931
Camutanga (PE),497,766,801,853,886,931
Camutanga (PE),497,766,801,853,886,931
Camutanga (PE),497,766,801,853,886,931
